,Time(s),Flow_Rate(ml/m),Pressure_Drop
53,5.3,568.8497679999999,-0.3624999999999994
54,5.4,573.489293,0.9750000000000044
55,5.5,585.038749,-0.056250000000002076
56,5.6,574.673853,1.0874999999999977
57,5.7,580.103084,0.30624999999999725
58,5.8,580.6953639999999,-0.1374999999999993
59,5.9,566.5793620000001,1.0937499999999987
60,6.0,570.231754,0.32499999999999973
61,6.1,568.8497679999999,0.09999999999999976
62,6.2,562.63083,0.7812500000000004
63,6.3,560.755277,-0.1437499999999973
64,6.4,555.1286190000001,1.0312500000000013
65,6.5,556.708032,-0.3249999999999998
66,6.6,557.300312,0.8687500000000016
67,6.7,560.656564,0.7187500000000031
68,6.8,559.768144,-0.318749999999999
69,6.9,554.7337660000001,0.9187500000000026
70,7.0,564.012816,0.46875000000000244
71,7.1,565.690942,0.35625000000000107
72,7.2,561.051417,0.6124999999999998
73,7.3,564.999949,-0.2249999999999973
74,7.4,558.781011,1.0000000000000027
75,7.5,564.012816,0.6874999999999936
76,7.6,564.506383,-0.3187499999999934
77,7.7,561.841124,0.9312500000000041
78,7.8,568.751055,0.3999999999999987
79,7.9,567.763922,-0.356250000000004
80,8.0,561.841124,0.9937500000000017
81,8.1,569.738188,0.26875000000000315
82,8.2,571.120174,-0.0437500000000004
83,8.3,565.098662,0.718749999999998
84,8.4,568.948481,0.4562500000000037
85,8.5,570.034327,0.5124999999999975
86,8.6,573.489293,0.06250000000000011
87,8.7,564.901236,0.943749999999995
88,8.8,567.763922,-0.19375000000000397
89,8.9,562.2359769999999,1.0999999999999996
90,9.0,568.948481,0.1812499999999968
91,9.1,564.407669,1.0062500000000008
92,9.2,570.5278940000001,0.41249999999999476
93,9.3,570.922747,0.5124999999999975
94,9.4,564.605096,1.0124999999999988
95,9.5,566.9742150000001,0.11874999999999947
96,9.6,566.875502,0.950000000000004
97,9.7,569.244621,0.4499999999999944
98,9.8,570.330467,-0.15624999999999906
99,9.9,566.283222,0.9374999999999998
100,10.0,564.605096,0.949999999999996
101,10.1,565.592229,0.012500000000001732
102,10.2,570.429181,0.3500000000000003
103,10.3,562.03855,1.0437499999999975
104,10.4,565.7896559999999,0.13749999999999662
105,10.5,571.5150269999999,-0.0437500000000004
106,10.6,561.939837,0.9687499999999957
107,10.7,563.124396,0.9249999999999982
108,10.8,565.7896559999999,0.08750000000000058
109,10.9,569.442048,0.4374999999999958
110,11.0,563.2231099999999,0.8374999999999974
111,11.1,565.2960889999999,-0.32499999999999973
112,11.2,561.2488440000001,0.849999999999999
113,11.3,563.321823,0.4375000000000038
114,11.4,565.493516,-0.006249999999995426
115,11.5,564.605096,0.9187500000000027
116,11.6,559.077151,1.1187500000000024
117,11.7,563.716676,-0.3625000000000047
118,11.8,558.484871,1.0999999999999996
119,11.9,566.1845089999999,-0.281249999999994
120,12.0,566.1845089999999,0.36249999999999927
121,12.1,562.433403,0.9062500000000039
122,12.2,565.3948019999999,0.22500000000000275
123,12.3,561.2488440000001,0.9500000000000014
124,12.4,566.9742150000001,-0.137500000000002
125,12.5,567.369068,0.4500000000000002
126,12.6,571.0214599999999,-0.06874999999999831
127,12.7,565.592229,0.8874999999999984
128,12.8,566.283222,0.8187499999999978
129,12.9,569.047194,0.3187499999999993
130,13.0,569.836901,0.6687499999999937
131,13.1,562.2359769999999,1.0437499999999922
132,13.2,569.6394740000001,0.24375000000000524
133,13.3,569.5407610000001,0.6750000000000005
134,13.4,563.2231099999999,0.9187500000000027
135,13.5,567.665208,0.7437499999999958
136,13.6,567.369068,0.14999999999999825
137,13.7,572.304733,0.5187499999999984
138,13.8,566.9742150000001,0.8062500000000042
139,13.9,569.442048,-0.1812500000000023
140,14.0,563.51925,1.2000000000000024
141,14.1,568.751055,-0.050000000000001266
142,14.2,564.605096,0.9999999999999972
143,14.3,569.343334,-0.3062499999999972
144,14.4,567.171642,0.09999999999999698
145,14.5,571.811167,-0.2687500000000032
146,14.6,565.592229,1.081249999999997
147,14.7,571.61374,-0.2250000000000027
148,14.8,567.862635,0.8750000000000077
149,14.9,570.725321,-0.40624999999999434
150,15.0,565.2960889999999,1.099999999999994
151,15.1,569.836901,-0.025000000000003242
152,15.2,562.2359769999999,1.0187499999999996
153,15.3,567.072928,-0.06250000000000289
154,15.4,562.828257,0.9499999999999958
155,15.5,565.7896559999999,-0.05625000000000213
156,15.6,561.643697,1.1062499999999977
157,15.7,568.257488,0.14999999999999802
158,15.8,571.61374,-0.0375000000000022
159,15.9,561.841124,0.906250000000001
160,16.0,564.8025230000001,-0.037499999999999645
161,16.1,568.652341,0.6875000000000019
162,16.2,567.763922,0.49375000000000036
163,16.3,570.330467,0.1312500000000012
164,16.4,565.197376,0.6437499999999987
165,16.5,569.5407610000001,-0.2124999999999957
166,16.6,564.111529,0.9000000000000058
167,16.7,565.493516,-0.412499999999995
168,16.8,560.8539910000001,1.0250000000000006
169,16.9,564.901236,-0.38125000000000187
170,17.0,559.5707179999999,1.2124999999999981
171,17.1,563.8153900000001,-0.14375000000000282
172,17.2,558.781011,1.162499999999997
173,17.3,564.506383,-0.3687499999999947
174,17.4,559.175865,1.0312500000000013
175,17.5,565.888369,0.08124999999999427
176,17.6,563.9141030000001,0.9250000000000008
177,17.7,565.690942,0.22499999999999754
178,17.8,568.060061,0.218750000000002
179,17.9,561.841124,0.8125000000000051
180,18.0,566.085795,-0.09375000000000158
181,18.1,558.978438,1.093749999999999
182,18.2,564.308956,0.30624999999999736
183,18.3,566.776789,-0.13750000000000207
184,18.4,558.090018,1.0625
185,18.5,560.656564,-0.093750000000007
186,18.6,554.3389129999999,1.1187500000000021
187,18.7,560.0642839999999,0.08125000000000004
188,18.8,556.708032,1.0187499999999996
189,18.9,562.137263,0.3312500000000004
190,19.0,559.373291,0.843750000000001
191,19.1,560.459137,0.3312500000000007
192,19.2,557.6951650000001,0.9437500000000006
193,19.3,559.175865,-0.08750000000000069
194,19.4,557.300312,1.1125000000000014
195,19.5,565.197376,0.1687500000000035
196,19.6,561.347557,0.22499999999999742
197,19.7,555.029906,0.9375000000000051
198,19.8,560.952704,-0.1312499999999957
199,19.9,558.386158,1.0937499999999987
200,20.0,559.866858,-0.2562500000000015
201,20.1,556.1157519999999,0.9374999999999997
202,20.2,563.9141030000001,0.11875000000000224
203,20.3,561.544984,0.2875000000000054
204,20.4,553.845346,0.9875000000000009
205,20.5,564.605096,0.2250000000000001
206,20.6,559.965571,-0.2500000000000006
207,20.7,562.532117,0.40624999999999956
208,20.8,559.175865,0.8749999999999969
209,20.9,555.523472,1.0562499999999992
210,21.0,565.493516,0.02500000000000069
211,21.1,563.4205360000001,0.2312500000000035
212,21.2,557.300312,0.9500000000000013
213,21.3,560.557851,0.1750000000000016
214,21.4,559.472004,1.137499999999999
215,21.5,569.343334,0.36249999999999927
216,21.6,564.703809,0.2749999999999986
217,21.7,559.5707179999999,1.2687500000000003
218,21.8,570.429181,0.062499999999997446
219,21.9,566.776789,0.2750000000000039
220,22.0,560.755277,1.225
221,22.1,570.034327,-0.050000000000006595
222,22.2,567.566495,0.3874999999999973
223,22.3,562.92697,0.8124999999999968
224,22.4,566.480649,0.5437500000000021
225,22.5,570.5278940000001,0.06874999999999831
226,22.6,561.939837,1.0812500000000025
227,22.7,569.738188,0.024999999999997802
228,22.8,565.3948019999999,0.33750000000000135
229,22.9,558.484871,1.1250000000000029
230,23.0,569.244621,0.03124999999999878
231,23.1,566.875502,0.4937499999999948
232,23.2,567.467782,0.6124999999999974
233,23.3,563.8153900000001,0.8000000000000032
234,23.4,569.244621,0.14375000000000282
235,23.5,565.098662,0.8937499999999996
236,23.6,565.7896559999999,0.7937500000000024
237,23.7,563.8153900000001,0.2875
238,23.8,555.1286190000001,1.0562499999999992
239,23.9,558.978438,0.21874999999999656
240,24.0,553.845346,1.2250000000000054
241,24.1,562.03855,0.012500000000001676
242,24.2,560.162998,0.7812500000000006
243,24.3,564.506383,0.012499999999996292
244,24.4,560.557851,0.6562500000000003
245,24.5,559.373291,1.1750000000000043
246,24.6,562.03855,0.43124999999999747
247,24.7,560.8539910000001,0.9062499999999957
248,24.8,561.2488440000001,0.5812500000000015
249,24.9,556.806745,0.9750000000000022
250,25.0,557.7938780000001,0.15000000000000357
251,25.1,556.806745,0.9000000000000001
252,25.2,562.2359769999999,0.4187500000000016
253,25.3,560.162998,0.6250000000000019
254,25.4,553.746633,1.3374999999999986
255,25.5,560.360424,0.53125
256,25.6,554.931193,1.1187500000000021
257,25.7,560.162998,0.5000000000000017
258,25.8,562.03855,0.27499999999999847
259,25.9,556.806745,0.6437500000000044
260,26.0,562.2359769999999,0.19375000000000397
261,26.1,557.7938780000001,0.7749999999999998
262,26.2,561.150131,0.3937500000000009
263,26.3,559.965571,0.4500000000000002
264,26.4,552.956927,0.9437500000000033
265,26.5,555.622186,0.18749999999999778
266,26.6,551.5749400000001,1.2937500000000035
267,26.7,555.523472,0.10000000000000242
268,26.8,551.673654,1.2375000000000016
269,26.9,556.214466,0.3437500000000022
270,27.0,547.231555,1.262500000000005
271,27.1,554.437626,0.31249999999999845
272,27.2,557.399025,0.43750000000000117
273,27.3,549.4032480000001,1.2687500000000003
274,27.4,555.227333,0.3999999999999988
275,27.5,551.476227,1.2437500000000026
276,27.6,557.300312,-0.0437500000000004
277,27.7,555.029906,1.056249999999999
278,27.8,558.879725,-0.0749999999999937
279,27.9,552.364647,1.243749999999997
280,28.0,558.386158,0.018749999999997102
281,28.1,556.1157519999999,1.093749999999999
282,28.2,563.8153900000001,0.2374999999999991
283,28.3,561.544984,0.5187500000000037
284,28.4,553.4504929999999,1.3250000000000024
285,28.5,559.5707179999999,-0.0749999999999991
286,28.6,560.0642839999999,0.8000000000000032
287,28.7,554.7337660000001,1.131250000000001
288,28.8,561.939837,0.0249999999999979
289,28.9,558.781011,1.0375000000000023
290,29.0,565.098662,0.4312499999999977
291,29.1,564.605096,0.44999999999999996
292,29.2,557.892592,1.2062500000000027
293,29.3,561.2488440000001,0.36875000000000024
294,29.4,557.201599,1.2500000000000004
295,29.5,563.025683,0.44999999999999996
296,29.6,557.0041719999999,1.231249999999998
297,29.7,561.544984,0.18749999999999778
298,29.8,560.0642839999999,1.2749999999999961
299,29.9,562.532117,1.174999999999999
300,30.0,562.828257,-0.10000000000000242
301,30.1,562.92697,0.962500000000003
302,30.2,564.012816,0.9687500000000041
303,30.3,561.643697,0.38125000000000187
304,30.4,557.497738,1.2375000000000016
305,30.5,565.493516,0.05625000000000213
306,30.6,564.111529,0.6749999999999974
307,30.7,556.806745,1.1687500000000006
308,30.8,560.755277,0.0
309,30.9,556.313179,1.1625000000000025
310,31.0,560.755277,0.03124999999999878
311,31.1,555.819612,1.2687500000000003
312,31.2,560.459137,0.3562499999999984
313,31.3,558.090018,1.2187499999999936
314,31.4,557.596452,1.2249999999999999
315,31.5,560.656564,0.40000000000000424
316,31.6,554.7337660000001,1.3250000000000024
317,31.7,559.373291,0.14375000000000288
318,31.8,556.5106049999999,1.30625
319,31.9,564.999949,0.22500000000000003
320,32.0,559.472004,1.0374999999999968
321,32.1,558.484871,1.249999999999998
322,32.2,559.077151,0.1312500000000011
323,32.3,557.892592,1.1500000000000008
324,32.4,561.2488440000001,0.8812499999999953
325,32.5,558.386158,0.1999999999999995
326,32.6,557.6951650000001,1.0874999999999981
327,32.7,564.012816,0.40624999999999956
328,32.8,557.399025,0.7624999999999982
329,32.9,550.192954,1.5124999999999948
330,33.0,559.274578,0.33124999999999516
331,33.1,557.596452,0.5874999999999964
332,33.2,552.562073,1.2874999999999974
333,33.3,557.892592,0.5062500000000019
334,33.4,552.0685070000001,1.0937499999999991
335,33.5,559.472004,1.0999999999999999
336,33.6,557.201599,0.2687499999999978
337,33.7,552.7595,1.4000000000000017
338,33.8,560.656564,0.8812500000000032
339,33.9,556.905459,0.4625000000000018
340,34.0,551.772367,1.3937500000000007
341,34.1,557.497738,0.5250000000000046
342,34.2,554.635053,1.231249999999998
343,34.3,557.7938780000001,0.5437499999999962
344,34.4,552.660787,1.2812499999999993
345,34.5,556.708032,0.5562499999999979
346,34.6,557.300312,1.1437500000000027
347,34.7,557.6951650000001,0.8562499999999937
348,34.8,560.8539910000001,0.46874999999999717
349,34.9,555.523472,0.9874999999999956
350,35.0,555.819612,0.12500000000000577
351,35.1,551.2788009999999,1.2812499999999993
352,35.2,558.6822980000001,0.631249999999997
353,35.3,558.978438,1.062500000000003
354,35.4,558.1887320000001,0.9875000000000016
355,35.5,562.137263,0.36250000000000476
356,35.6,558.583585,0.9875000000000009
357,35.7,561.939837,0.18750000000000316
358,35.8,553.64792,1.381249999999999
359,35.9,558.287445,0.0
360,36.0,552.7595,1.3937500000000007
361,36.1,558.090018,0.5437500000000017
362,36.2,555.523472,1.5500000000000025
363,36.3,560.557851,0.8874999999999985
364,36.4,562.33469,0.25000000000000067
365,36.5,554.3389129999999,1.2437499999999972
366,36.6,561.150131,0.1624999999999998
367,36.7,556.5106049999999,1.3562499999999957
368,36.8,561.2488440000001,0.2500000000000006
369,36.9,562.33469,0.812499999999999
370,37.0,559.866858,1.3875000000000053
371,37.1,561.44627,0.2437499999999998
372,37.2,560.0642839999999,1.1187499999999968
373,37.3,563.8153900000001,0.3562499999999984
374,37.4,559.077151,1.3312499999999978
375,37.5,563.321823,1.3062500000000026
376,37.6,561.150131,0.46249999999999636
377,37.7,558.6822980000001,1.5000000000000038
378,37.8,567.270355,0.48749999999999966
379,37.9,564.210243,0.7749999999999947
380,38.0,556.806745,1.4437500000000019
381,38.1,565.888369,0.9062500000000012
382,38.2,561.939837,0.281249999999994
383,38.3,561.841124,0.7749999999999999
384,38.4,554.832479,1.556250000000006
385,38.5,559.472004,1.4500000000000026
386,38.6,559.6694309999999,0.1437499999999973
387,38.7,558.978438,0.5999999999999982
388,38.8,557.596452,1.399999999999996
389,38.9,555.1286190000001,1.3125000000000036
390,39.0,563.025683,0.44374999999999937
391,39.1,560.459137,1.0687499999999952
392,39.2,562.532117,1.1812499999999995
393,39.3,556.806745,0.45625000000000626
394,39.4,555.523472,1.543749999999999
395,39.5,562.33469,0.3312500000000006
396,39.6,558.1887320000001,1.0687500000000005
397,39.7,557.201599,1.3874999999999975
398,39.8,557.201599,0.7999999999999977
399,39.9,551.772367,1.4375000000000009
400,40.0,561.643697,0.5937500000000002
401,40.1,556.411892,0.5437499999999965
402,40.2,555.1286190000001,1.2437500000000024
403,40.3,556.214466,1.4500000000000002
404,40.4,555.819612,0.6312499999999968
405,40.5,553.746633,1.331250000000003
406,40.6,555.326046,1.5437499999999988
407,40.7,552.858213,0.431250000000003
408,40.8,551.081374,1.2624999999999993
409,40.9,552.46336,1.4312499999999977
410,41.0,551.87108,0.4750000000000034
411,41.1,547.231555,1.5999999999999954
412,41.2,552.956927,0.22499999999999729
413,41.3,549.600674,1.3250000000000082
414,41.4,555.326046,0.8062500000000014
415,41.5,555.720899,0.9062500000000008
416,41.6,549.4032480000001,1.5187500000000012
417,41.7,558.090018,0.4562499999999954
418,41.8,555.720899,0.9312499999999986
419,41.9,547.922548,1.5312499999999971
420,42.0,558.1887320000001,0.6375000000000033
421,42.1,553.4504929999999,0.8874999999999984
422,42.2,553.845346,1.2562499999999988
423,42.3,548.119975,1.5375000000000034
424,42.4,560.162998,0.40624999999999967
425,42.5,559.077151,0.8375000000000032
426,42.6,552.562073,1.4187500000000013
427,42.7,555.523472,0.5124999999999975
428,42.8,552.16722,1.637500000000006
429,42.9,558.090018,1.2749999999999981
430,43.0,555.227333,0.750000000000002
431,43.1,551.180087,1.75625
432,43.2,561.2488440000001,0.3875000000000026
433,43.3,559.274578,0.9437500000000008
434,43.4,550.982661,1.6750000000000003
435,43.5,562.03855,0.5187500000000038
436,43.6,556.806745,1.049999999999999
437,43.7,559.768144,0.5187500000000039
438,43.8,552.46336,1.443750000000002
439,43.9,555.819612,0.09375000000000155
440,44.0,549.600674,1.6375000000000004
441,44.1,557.991305,1.106250000000006
442,44.2,556.1157519999999,1.4312500000000004
443,44.3,552.46336,1.587499999999999
444,44.4,555.523472,0.8062500000000039
445,44.5,551.081374,1.6312499999999996
446,44.6,556.708032,0.6562500000000004
447,44.7,556.1157519999999,1.4937500000000001
448,44.8,553.35178,1.7062499999999994
449,44.9,557.201599,0.42500000000000226
450,45.0,555.1286190000001,1.6562499999999976
451,45.1,560.557851,1.0125000000000048
452,45.2,562.7295429999999,0.6250000000000018
453,45.3,560.261711,1.4312500000000008
454,45.4,563.2231099999999,0.4562500000000009
455,45.5,555.326046,1.8312499999999992
456,45.6,560.755277,0.8750000000000022
457,45.7,557.497738,1.556249999999998
458,45.8,559.768144,1.3874999999999997
459,45.9,567.566495,0.45625000000000093
460,46.0,556.017039,1.6874999999999964
461,46.1,560.8539910000001,0.40624999999999967
462,46.2,561.2488440000001,1.2312500000000015
463,46.3,553.154353,1.7874999999999988
464,46.4,561.544984,0.3999999999999988
465,46.5,560.755277,1.2187499999999987
466,46.6,552.46336,1.7625000000000004
467,46.7,563.51925,0.6750000000000003
468,46.8,557.497738,0.3874999999999973
469,46.9,559.472004,1.2562499999999988
470,47.0,551.87108,1.8187500000000028
471,47.1,562.137263,1.0124999999999988
472,47.2,557.300312,0.7312499999999994
473,47.3,553.845346,1.7249999999999956
474,47.4,560.162998,1.4187499999999957
475,47.5,560.459137,0.4000000000000043
476,47.6,555.1286190000001,1.5625000000000018
477,47.7,561.74241,0.7312500000000021
478,47.8,557.991305,0.8562499999999942
479,47.9,550.8839469999999,1.5937499999999947
480,48.0,555.523472,0.8749999999999969
481,48.1,550.192954,1.781250000000003
482,48.2,556.313179,0.4937500000000005
483,48.3,552.562073,1.8062500000000012
484,48.4,555.622186,0.5562500000000035
485,48.5,550.489094,1.8375000000000026
486,48.6,554.931193,1.0062499999999979
487,48.7,549.600674,1.8500000000000016
488,48.8,555.227333,0.4500000000000001
489,48.9,550.8839469999999,1.7062499999999985
490,49.0,558.879725,0.5062500000000021
491,49.1,557.102885,1.093749999999999
492,49.2,550.291668,1.81875
493,49.3,554.536339,0.7875000000000072
494,49.4,548.613541,1.5437500000000042
495,49.5,553.845346,0.6625000000000011
496,49.6,551.377514,1.7812499999999984
497,49.7,550.982661,1.8249999999999984
498,49.8,556.214466,1.0499999999999985
499,49.9,553.154353,1.7624999999999984
500,50.0,553.64792,0.8874999999999934
501,50.1,549.600674,1.7687500000000014
502,50.2,552.7595,1.6562500000000004
503,50.3,557.6951650000001,0.6937499999999972
504,50.4,546.145709,2.043750000000003
505,50.5,548.218688,1.700000000000001
506,50.6,549.699388,1.6812500000000008
507,50.7,554.3389129999999,1.8312499999999992
508,50.8,557.7938780000001,0.7812500000000007
509,50.9,555.227333,0.6374999999999978
510,51.0,551.673654,0.8562499999999998
511,51.1,557.201599,1.031250000000002
512,51.2,558.090018,1.037500000000002
513,51.3,557.0041719999999,0.9562499999999969
514,51.4,557.991305,1.362499999999996
515,51.5,552.0685070000001,1.950000000000004
516,51.6,558.6822980000001,1.6749999999999998
517,51.7,557.497738,0.9374999999999993
518,51.8,554.3389129999999,1.88125
519,51.9,560.557851,0.7875000000000014
520,52.0,557.497738,1.7000000000000033
521,52.1,558.287445,1.8875000000000042
522,52.2,559.373291,1.081250000000002
523,52.3,551.673654,1.8312500000000018
524,52.4,558.287445,0.7437499999999956
525,52.5,554.536339,1.8562500000000022
526,52.6,557.0041719999999,0.5624999999999988
527,52.7,556.806745,1.7437500000000044
528,52.8,564.703809,0.743750000000001
529,52.9,556.411892,1.6499999999999968
530,53.0,563.025683,0.5624999999999987
531,53.1,562.63083,1.2499999999999978
532,53.2,555.424759,1.7562499999999945
533,53.3,558.484871,0.8250000000000012
534,53.4,561.150131,1.2812499999999962
535,53.5,554.2402,2.0
536,53.6,562.7295429999999,0.8062499999999986
537,53.7,560.656564,1.0562499999999995
538,53.8,553.845346,1.887500000000001
539,53.9,558.978438,0.7312499999999995
540,54.0,557.0041719999999,1.9374999999999913
541,54.1,560.952704,1.5750000000000028
542,54.2,558.1887320000001,1.0937499999999991
543,54.3,556.313179,1.7500000000000044
544,54.4,562.03855,1.4625000000000044
545,54.5,557.7938780000001,1.0312500000000013
546,54.6,556.5106049999999,1.75625
547,54.7,554.832479,1.6375000000000006
548,54.8,558.287445,0.6124999999999998
549,54.9,559.965571,1.2999999999999994
550,55.0,555.720899,1.856250000000005
551,55.1,557.991305,1.0625
552,55.2,554.931193,2.0812499999999994
553,55.3,564.605096,1.2437500000000026
554,55.4,560.557851,1.1937500000000019
555,55.5,555.424759,2.2187499999999964
556,55.6,558.484871,1.8312499999999992
557,55.7,560.360424,0.7749999999999998
558,55.8,562.433403,1.349999999999994
559,55.9,553.4504929999999,2.162499999999994
560,56.0,563.8153900000001,1.2062500000000003
561,56.1,559.077151,1.0125000000000044
562,56.2,555.523472,1.8874999999999955
563,56.3,559.274578,1.393750000000006
564,56.4,558.090018,1.5249999999999961
565,56.5,560.755277,1.5249999999999992
566,56.6,557.0041719999999,1.4750000000000005
567,56.7,556.1157519999999,0.6750000000000028
568,56.8,555.029906,1.9
569,56.9,556.708032,1.4875000000000027
570,57.0,555.1286190000001,0.7562499999999974
571,57.1,556.708032,2.025000000000003
572,57.2,557.399025,1.7124999999999997
573,57.3,554.141486,0.8312500000000074
574,57.4,550.587807,2.156249999999999
575,57.5,550.094241,1.9187500000000002
576,57.6,559.175865,0.9374999999999971
577,57.7,555.1286190000001,1.1562500000000013
578,57.8,548.909681,1.9624999999999946
579,57.9,558.879725,0.9812500000000028
580,58.0,553.154353,0.7999999999999977
581,58.1,552.46336,1.8187500000000028
582,58.2,551.476227,1.975000000000005
583,58.3,555.424759,0.7062500000000016
584,58.4,556.214466,1.2687500000000003
585,58.5,550.686521,2.143750000000003
586,58.6,560.261711,1.2249999999999945
587,58.7,555.918326,1.2562499999999983
588,58.8,555.424759,1.8500000000000014
589,58.9,550.192954,2.074999999999999
590,59.0,556.1157519999999,0.7749999999999997
591,59.1,555.1286190000001,1.8562499999999968
592,59.2,551.772367,2.068750000000003
593,59.3,559.6694309999999,1.6937500000000028
594,59.4,557.300312,0.793749999999997
595,59.5,557.497738,1.2500000000000033
596,59.6,552.7595,2.1500000000000035
597,59.7,560.656564,1.5000000000000009
598,59.8,556.905459,1.1062500000000006
599,59.9,553.64792,2.050000000000001
600,60.0,562.63083,0.9125000000000018
601,60.1,558.879725,1.7187500000000002
602,60.2,561.544984,0.962500000000003
603,60.3,555.029906,2.2249999999999974
604,60.4,558.386158,0.9687499999999984
605,60.5,559.965571,1.9999999999999944
606,60.6,556.017039,2.087500000000001
607,60.7,560.261711,0.8437500000000036
608,60.8,556.313179,1.893750000000002
609,60.9,564.901236,1.0124999999999962
610,61.0,562.92697,1.4749999999999952
611,61.1,555.720899,2.2375000000000016
612,61.2,561.347557,1.2187499999999996
613,61.3,559.866858,1.9999999999999996
614,61.4,563.321823,1.5625000000000016
615,61.5,564.605096,1.6374999999999975
616,61.6,564.407669,1.4312500000000061
617,61.7,559.866858,2.0375000000000023
618,61.8,564.308956,1.6062499999999962
619,61.9,565.3948019999999,1.6874999999999991
620,62.0,562.137263,1.2874999999999976
621,62.1,557.497738,2.1687500000000006
622,62.2,566.776789,1.324999999999997
623,62.3,562.828257,1.4000000000000017
624,62.4,558.6822980000001,2.0062500000000005
625,62.5,565.7896559999999,1.037500000000002
626,62.6,559.866858,1.9812500000000028
627,62.7,566.1845089999999,1.1187499999999968
628,62.8,560.755277,1.7937499999999993
629,62.9,564.506383,1.0124999999999988
630,63.0,557.7938780000001,2.012499999999996
631,63.1,560.261711,0.9437500000000003
632,63.2,562.33469,1.7624999999999982
633,63.3,560.952704,1.7874999999999985
634,63.4,564.901236,1.0312500000000013
635,63.5,557.102885,2.0687500000000036
636,63.6,562.433403,1.1374999999999993
637,63.7,559.274578,2.0187500000000025
638,63.8,563.4205360000001,1.324999999999997
639,63.9,559.965571,1.4312500000000001
640,64.0,561.841124,1.2624999999999966
641,64.1,557.497738,1.537499999999998
642,64.2,558.484871,1.8249999999999955
643,64.3,555.622186,1.8500000000000016
644,64.4,554.3389129999999,2.174999999999999
645,64.5,555.029906,1.043750000000003
646,64.6,553.5492059999999,2.1624999999999996
647,64.7,554.635053,2.1875
648,64.8,555.720899,1.031249999999996
649,64.9,554.931193,1.324999999999997
650,65.0,554.7337660000001,1.8625000000000032
651,65.1,549.995528,2.156249999999999
652,65.2,559.768144,1.1874999999999978
653,65.3,553.845346,1.3125000000000007
654,65.4,557.6951650000001,1.6000000000000008
655,65.5,551.377514,2.3249999999999993
656,65.6,560.0642839999999,1.5312499999999947
657,65.7,556.609319,1.0250000000000004
658,65.8,556.1157519999999,1.1937499999999959
659,65.9,558.879725,1.6124999999999972
660,66.0,554.2402,2.2187499999999956
661,66.1,550.686521,2.350000000000003
662,66.2,559.472004,1.106249999999995
663,66.3,555.1286190000001,1.3874999999999997
664,66.4,555.424759,2.0312499999999982
665,66.5,550.587807,2.3312500000000056
666,66.6,551.673654,2.293750000000001
667,66.7,552.858213,1.8500000000000014
668,66.8,554.437626,1.9374999999999967
669,66.9,555.523472,1.9562499999999994
670,67.0,555.424759,1.9625000000000004
671,67.1,554.635053,2.11875
672,67.2,550.587807,2.3937499999999976
673,67.3,560.261711,1.7875000000000068
674,67.4,559.274578,1.1812500000000048
675,67.5,557.991305,0.9624999999999977
676,67.6,558.287445,1.0374999999999968
677,67.7,558.781011,1.0187499999999998
678,67.8,557.6951650000001,1.1750000000000047
679,67.9,558.287445,1.4437499999999974
680,68.0,560.459137,1.5625000000000013
681,68.1,561.2488440000001,1.706249999999999
682,68.2,557.0041719999999,2.2250000000000023
683,68.3,555.227333,2.174999999999996
684,68.4,554.042773,2.293749999999998
685,68.5,561.74241,1.9250000000000034
686,68.6,564.703809,1.200000000000002
687,68.7,560.360424,1.1875000000000004
688,68.8,560.459137,1.4624999999999986
689,68.9,562.532117,1.8187500000000032
690,69.0,558.978438,2.1562499999999933
691,69.1,555.819612,2.312500000000003
692,69.2,556.214466,2.4250000000000025
693,69.3,561.939837,2.2624999999999997
694,69.4,560.952704,0.975000000000005
695,69.5,563.8153900000001,1.5562499999999946
696,69.6,564.506383,1.681250000000001
697,69.7,560.755277,2.131250000000001
698,69.8,557.6951650000001,2.456249999999996
699,69.9,556.313179,2.4999999999999956
700,70.0,556.905459,2.5062500000000023
701,70.1,557.0041719999999,2.518749999999998
702,70.2,557.102885,2.3062499999999995
703,70.3,559.274578,2.356249999999998
704,70.4,562.828257,2.137500000000002
705,70.5,563.2231099999999,1.168749999999998
706,70.6,560.360424,1.4437500000000019
707,70.7,563.025683,1.893750000000002
708,70.8,555.720899,2.4625000000000012
709,70.9,555.326046,2.4812499999999984
710,71.0,555.622186,2.65625
711,71.1,554.2402,2.4625000000000017
712,71.2,557.892592,2.3937500000000003
713,71.3,565.3948019999999,1.325000000000005
714,71.4,559.175865,1.0562499999999995
715,71.5,560.360424,1.9750000000000019
716,71.6,553.4504929999999,2.4875000000000047
717,71.7,554.042773,2.5812499999999985
718,71.8,560.261711,2.2624999999999993
719,71.9,563.025683,1.2375000000000016
720,72.0,559.175865,1.5500000000000047
721,72.1,556.708032,2.212500000000006
722,72.2,556.411892,2.3500000000000005
723,72.3,562.92697,1.2812500000000018
724,72.4,557.7938780000001,1.543749999999999
725,72.5,555.1286190000001,2.375000000000001
726,72.6,554.2402,2.4125000000000005
727,72.7,562.532117,1.406249999999997
728,72.8,561.051417,1.168749999999998
729,72.9,557.102885,1.250000000000003
730,73.0,559.965571,1.7750000000000026
731,73.1,558.090018,2.018749999999997
732,73.2,553.253067,2.4062500000000053
733,73.3,552.16722,2.3749999999999956
734,73.4,553.154353,2.3812499999999988
735,73.5,559.077151,2.1562500000000018
736,73.6,559.274578,2.0875000000000004
737,73.7,561.841124,1.2749999999999957
738,73.8,560.360424,1.2937499999999984
739,73.9,560.261711,1.281250000000002
740,74.0,556.609319,1.18125
741,74.1,558.978438,1.1875000000000062
742,74.2,558.583585,1.1499999999999955
743,74.3,558.090018,1.5499999999999934
744,74.4,554.437626,2.4375000000000036
745,74.5,549.995528,2.53125
746,74.6,555.622186,1.093749999999999
747,74.7,556.214466,1.9999999999999993
748,74.8,557.102885,2.3375000000000012
749,74.9,557.6951650000001,1.8687499999999986
750,75.0,551.377514,2.425000000000002
751,75.1,556.708032,1.2437500000000026
752,75.2,555.622186,1.6437500000000012
753,75.3,558.978438,1.9750000000000019
754,75.4,551.9697940000001,2.512499999999997
755,75.5,558.879725,2.4062499999999996
756,75.6,563.617963,1.2562499999999985
757,75.7,557.7938780000001,1.462499999999999
758,75.8,561.643697,2.118750000000005
759,75.9,555.326046,2.693750000000005
760,76.0,555.523472,2.6437500000000034
761,76.1,563.2231099999999,2.349999999999998
762,76.2,561.841124,1.0500000000000038
763,76.3,563.9141030000001,1.8625000000000038
764,76.4,563.617963,1.8999999999999972
765,76.5,556.5106049999999,2.762499999999992
766,76.6,564.8025230000001,2.1562500000000044
767,76.7,561.74241,1.6125000000000027
768,76.8,563.4205360000001,2.2000000000000046
769,76.9,558.978438,2.5187500000000034
770,77.0,566.480649,2.2562500000000014
771,77.1,563.8153900000001,1.2249999999999999
772,77.2,564.308956,1.7124999999999937
773,77.3,563.51925,2.3687499999999995
774,77.4,556.5106049999999,2.8124999999999996
775,77.5,557.6951650000001,2.5437500000000015
776,77.6,560.162998,2.4812500000000015
777,77.7,558.879725,2.43125
778,77.8,567.270355,1.6500000000000021
779,77.9,565.493516,1.3625000000000025
780,78.0,566.283222,2.168750000000001
781,78.1,557.991305,2.53125
782,78.2,558.6822980000001,2.268750000000003
783,78.3,558.1887320000001,2.6187499999999955
784,78.4,559.472004,2.5437500000000015
785,78.5,557.892592,2.7437499999999955
786,78.6,558.287445,2.5312499999999996
787,78.7,559.965571,2.6062499999999984
788,78.8,563.51925,2.556250000000003
789,78.9,568.3562009999999,1.4875000000000023
790,79.0,567.270355,1.4312500000000001
791,79.1,563.321823,1.2374999999999963
792,79.2,564.407669,1.8000000000000003
793,79.3,560.8539910000001,2.537499999999995
794,79.4,556.806745,2.7124999999999964
795,79.5,566.1845089999999,1.9999999999999971
796,79.6,562.63083,1.1562500000000016
797,79.7,564.901236,1.8062500000000015
798,79.8,562.33469,2.1937499999999988
799,79.9,556.214466,2.7437500000000012
800,80.0,560.557851,2.500000000000001
801,80.1,565.888369,1.8250000000000037
802,80.2,562.137263,1.3750000000000036
803,80.3,560.557851,1.737500000000003
804,80.4,562.92697,1.8
805,80.5,560.162998,2.0062500000000005
806,80.6,553.253067,2.843750000000004
807,80.7,561.939837,1.4750000000000005
808,80.8,557.596452,1.8249999999999975
809,80.9,557.7938780000001,2.2937499999999953
810,81.0,551.673654,2.7249999999999983
811,81.1,551.9697940000001,2.637499999999998
812,81.2,554.635053,2.5624999999999987
813,81.3,551.377514,2.6437500000000043
814,81.4,553.845346,2.768749999999999
815,81.5,555.918326,2.5562500000000035
816,81.6,554.931193,2.731249999999999
817,81.7,554.832479,2.7375
818,81.8,555.819612,2.5499999999999967
819,81.9,556.5106049999999,2.6187500000000004
820,82.0,553.746633,2.762499999999992
821,82.1,557.7938780000001,2.6812500000000004
822,82.2,562.7295429999999,1.518750000000001
823,82.3,558.386158,1.912499999999994
824,82.4,553.746633,2.7375
825,82.5,561.939837,2.118750000000002
826,82.6,561.44627,1.518750000000001
827,82.7,558.386158,1.3125000000000004
828,82.8,560.8539910000001,1.9062499999999982
829,82.9,557.596452,2.3562499999999984
830,83.0,553.746633,2.8687500000000012
831,83.1,553.253067,2.76875
832,83.2,560.557851,2.5124999999999975
833,83.3,561.74241,1.3312500000000032
834,83.4,560.755277,1.4249999999999994
835,83.5,559.274578,1.30625
836,83.6,559.965571,1.5249999999999964
837,83.7,559.866858,1.8500000000000019
838,83.8,562.7295429999999,1.8749999999999996
839,83.9,562.828257,2.1624999999999996
840,84.0,557.0041719999999,2.65625
841,84.1,564.012816,2.412500000000003
842,84.2,562.33469,1.4187499999999935
843,84.3,561.44627,2.381249999999996
844,84.4,561.841124,2.4437500000000014
845,84.5,564.111529,1.3874999999999997
846,84.6,561.939837,1.7125000000000055
847,84.7,564.901236,2.3687499999999995
848,84.8,557.399025,2.8312500000000016
849,84.9,566.1845089999999,2.450000000000003
850,85.0,568.257488,1.6750000000000054
851,85.1,563.617963,1.8625000000000034
852,85.2,565.493516,2.306250000000002
853,85.3,563.321823,2.5000000000000013
854,85.4,561.643697,2.7187500000000027
855,85.5,559.077151,2.8750000000000027
856,85.6,562.137263,2.743750000000003
857,85.7,569.442048,1.675
858,85.8,565.493516,1.7125000000000048
859,85.9,566.776789,2.0
860,86.0,566.5793620000001,1.9499999999999986
861,86.1,564.506383,2.3749999999999947
862,86.2,559.472004,2.8062499999999986
863,86.3,562.532117,2.8500000000000014
864,86.4,566.875502,1.5375000000000034
865,86.5,564.210243,1.9750000000000019
866,86.6,564.111529,2.518749999999998
867,86.7,559.274578,2.8187499999999996
868,86.8,558.386158,2.8687500000000012
869,86.9,557.7938780000001,2.918750000000003
870,87.0,565.7896559999999,2.3562499999999984
871,87.1,563.2231099999999,1.600000000000001
872,87.2,563.716676,1.8937500000000023
873,87.3,560.261711,2.6250000000000013
874,87.4,558.6822980000001,2.6874999999999987
875,87.5,565.7896559999999,2.2249999999999996
876,87.6,563.716676,1.9187499999999944
877,87.7,557.102885,2.8562499999999997
878,87.8,565.2960889999999,1.6187499999999981
879,87.9,563.9141030000001,2.0500000000000007
880,88.0,556.708032,2.9125000000000014
881,88.1,566.776789,1.9312499999999988
882,88.2,566.5793620000001,1.6500000000000021
883,88.3,561.150131,1.7500000000000049
884,88.4,563.2231099999999,2.0374999999999996
885,88.5,562.137263,2.6187500000000004
886,88.6,555.1286190000001,2.9562499999999967
887,88.7,565.592229,1.6562500000000004
888,88.8,560.360424,1.6375000000000006
889,88.9,560.162998,1.693749999999997
890,89.0,561.544984,1.9437499999999972
891,89.1,562.03855,2.1937500000000036
892,89.2,557.7938780000001,2.6874999999999987
893,89.3,555.819612,2.7437500000000012
894,89.4,565.197376,1.6749999999999972
895,89.5,559.472004,1.493750000000003
896,89.6,558.879725,1.7687499999999965
897,89.7,559.768144,1.9000000000000032
898,89.8,561.841124,2.0437499999999944
899,89.9,561.347557,2.212500000000001
900,90.0,558.484871,2.4000000000000044
901,90.1,557.300312,2.812499999999999
902,90.2,555.819612,2.837499999999997
903,90.3,553.05564,2.9875000000000007
904,90.4,553.746633,2.793750000000002
905,90.5,563.2231099999999,1.9999999999999996
906,90.6,557.892592,1.7250000000000068
907,90.7,560.459137,2.125
908,90.8,559.768144,2.306250000000003
909,90.9,553.05564,2.8250000000000006
910,91.0,562.433403,2.6812500000000035
911,91.1,559.472004,1.5312499999999971
912,91.2,559.965571,2.106250000000003
913,91.3,561.051417,2.3937500000000034
914,91.4,559.077151,2.637499999999997
915,91.5,554.536339,2.962500000000003
916,91.6,567.072928,1.9812499999999975
917,91.7,563.025683,1.7937499999999995
918,91.8,560.261711,1.91875
919,91.9,566.381935,2.1874999999999973
920,92.0,561.841124,2.8124999999999996
921,92.1,559.6694309999999,2.94375
922,92.2,559.077151,3.0937499999999987
923,92.3,560.557851,2.9
924,92.4,569.738188,1.9187500000000024
925,92.5,565.098662,1.8687499999999986
926,92.6,563.4205360000001,2.756249999999997
927,92.7,563.8153900000001,2.8562499999999993
928,92.8,566.678075,1.5937500000000002
929,92.9,568.158775,2.287500000000005
930,93.0,561.44627,2.912500000000002
931,93.1,572.304733,1.81875
932,93.2,567.665208,2.256250000000001
933,93.3,559.472004,2.956250000000002
934,93.4,569.244621,1.675
935,93.5,570.133041,2.0125000000000015
936,93.6,559.768144,3.0250000000000004
937,93.7,566.1845089999999,2.6687499999999984
938,93.8,565.7896559999999,1.6624999999999983
939,93.9,565.098662,1.5499999999999994
940,94.0,563.716676,1.6749999999999998
941,94.1,563.51925,1.75625
942,94.2,565.987082,2.0749999999999993
943,94.3,564.703809,2.6375000000000033
944,94.4,557.991305,3.0187500000000047
945,94.5,567.862635,2.243749999999997
946,94.6,564.012816,1.7812500000000033
947,94.7,566.1845089999999,2.181249999999997
948,94.8,564.210243,2.812499999999999
949,94.9,561.150131,3.0625
950,95.0,564.506383,2.8687499999999986
951,95.1,570.133041,2.2812500000000018
952,95.2,569.145908,1.793750000000005
953,95.3,565.987082,1.5124999999999948
954,95.4,565.197376,1.7124999999999944
955,95.5,565.3948019999999,1.9875000000000034
956,95.6,567.862635,2.1875000000000036
957,95.7,562.532117,2.7499999999999964
958,95.8,558.879725,2.9750000000000045
959,95.9,561.347557,2.8499999999999988
960,96.0,561.841124,2.9374999999999996
961,96.1,566.480649,2.59375
962,96.2,564.506383,1.6749999999999945
963,96.3,565.592229,2.1437499999999967
964,96.4,561.643697,2.9187500000000024
965,96.5,559.274578,2.9249999999999976
966,96.6,568.8497679999999,1.7999999999999954
967,96.7,563.2231099999999,1.7937499999999942
968,96.8,562.828257,2.6249999999999956
969,96.9,558.583585,2.8062500000000017
970,97.0,562.03855,1.9437499999999979
971,97.1,562.532117,2.243750000000005
972,97.2,554.635053,3.2249999999999943
973,97.3,561.347557,2.8374999999999995
974,97.4,560.261711,1.7750000000000026
975,97.5,562.03855,2.3937500000000034
976,97.6,554.931193,2.8312499999999967
977,97.7,558.6822980000001,2.9374999999999964
978,97.8,561.44627,1.8062499999999955
979,97.9,560.656564,2.1999999999999935
980,98.0,553.253067,2.974999999999999
981,98.1,559.077151,1.6749999999999998
982,98.2,560.0642839999999,2.5499999999999967
983,98.3,556.411892,2.8937500000000016
984,98.4,559.472004,1.8062500000000012
985,98.5,560.459137,2.4562499999999945
986,98.6,555.029906,3.0375000000000014
987,98.7,556.806745,2.9374999999999996
988,98.8,561.051417,3.33125
989,98.9,566.283222,1.8812500000000003
990,99.0,566.381935,1.7499999999999938
991,99.1,562.828257,2.2125000000000012
992,99.2,561.051417,2.812499999999999
993,99.3,561.841124,2.931249999999996
994,99.4,564.407669,1.799999999999995
995,99.5,564.901236,2.1937499999999983
996,99.6,558.287445,3.0375000000000023
997,99.7,566.085795,1.8125000000000075
998,99.8,562.433403,2.7999999999999976
999,99.9,566.9742150000001,1.7749999999999968
1000,100.0,560.8539910000001,2.7062499999999963
1001,100.1,567.270355,2.6875000000000018
1002,100.2,564.605096,2.1687500000000006
1003,100.3,562.433403,2.9437500000000005
1004,100.4,561.347557,2.037499999999999
1005,100.5,565.2960889999999,2.4125000000000005
1006,100.6,562.63083,2.7437500000000012
1007,100.7,557.6951650000001,3.237499999999996
1008,100.8,557.300312,3.124999999999998
1009,100.9,566.1845089999999,2.4874999999999967
1010,101.0,563.8153900000001,1.6624999999999983
1011,101.1,566.283222,2.5812500000000007
1012,101.2,560.952704,3.0687500000000005
1013,101.3,572.6995870000001,2.0125000000000015
1014,101.4,567.171642,1.9375000000000022
1015,101.5,569.244621,2.5249999999999986
1016,101.6,564.308956,2.962500000000003
1017,101.7,571.218887,1.9749999999999965
1018,101.8,571.3176,2.5500000000000025
1019,101.9,562.532117,3.168750000000003
1020,102.0,572.403447,2.2562499999999988
1021,102.1,567.665208,1.743750000000004
1022,102.2,568.257488,2.1624999999999996
1023,102.3,566.678075,2.712500000000002
1024,102.4,561.643697,3.068749999999995
1025,102.5,570.429181,1.9499999999999986
1026,102.6,566.085795,2.3312500000000007
1027,102.7,561.051417,3.1625000000000023
1028,102.8,570.725321,2.1875
1029,102.9,564.506383,2.2249999999999974
1030,103.0,560.952704,3.0874999999999977
1031,103.1,560.261711,3.075000000000002
1032,103.2,566.776789,1.8562500000000024
1033,103.3,562.433403,2.093750000000001
1034,103.4,563.9141030000001,2.587499999999997
1035,103.5,562.03855,3.0437499999999975
1036,103.6,560.0642839999999,3.0812500000000025
1037,103.7,558.1887320000001,3.143750000000002
1038,103.8,563.4205360000001,3.0625
1039,103.9,569.5407610000001,1.9000000000000026
1040,104.0,565.493516,1.812499999999997
1041,104.1,567.171642,2.2499999999999956
1042,104.2,560.755277,3.1062499999999997
1043,104.3,561.2488440000001,3.0874999999999955
1044,104.4,567.862635,1.9999999999999998
1045,104.5,563.2231099999999,2.0124999999999957
1046,104.6,565.493516,2.6250000000000013
1047,104.7,558.386158,3.137499999999999
1048,104.8,563.9141030000001,2.831249999999999
1049,104.9,567.270355,1.9062499999999982
1050,105.0,562.2359769999999,2.3375000000000012
1051,105.1,565.987082,2.3375000000000012
1052,105.2,562.433403,2.943750000000001
1053,105.3,558.583585,3.056249999999999
1054,105.4,557.0041719999999,3.1687499999999975
1055,105.5,556.708032,3.112500000000001
1056,105.6,557.497738,3.1312500000000036
1057,105.7,566.1845089999999,2.356249999999998
1058,105.8,564.8025230000001,2.0562499999999964
1059,105.9,562.03855,2.1624999999999996
1060,106.0,564.308956,2.349999999999998
1061,106.1,563.321823,2.5500000000000025
1062,106.2,556.708032,3.1750000000000043
1063,106.3,555.326046,3.2124999999999977
1064,106.4,560.360424,3.1499999999999986
1065,106.5,561.347557,1.7312500000000022
1066,106.6,560.8539910000001,2.462499999999996
1067,106.7,560.360424,2.8750000000000018
1068,106.8,555.622186,3.2249999999999996
1069,106.9,564.901236,2.7562499999999948
1070,107.0,563.025683,1.8687500000000037
1071,107.1,562.137263,2.0749999999999984
1072,107.2,563.8153900000001,2.5874999999999964
1073,107.3,557.201599,3.262499999999999
1074,107.4,565.3948019999999,2.6937499999999996
1075,107.5,568.257488,1.9999999999999998
1076,107.6,563.617963,1.7687499999999958
1077,107.7,565.888369,2.4500000000000055
1078,107.8,563.124396,2.9374999999999996
1079,107.9,558.484871,3.2125000000000035
1080,108.0,569.5407610000001,2.199999999999999
1081,108.1,566.9742150000001,1.9249999999999954
1082,108.2,564.703809,2.1937499999999983
1083,108.3,564.111529,2.3687499999999995
1084,108.4,566.381935,2.3312500000000003
1085,108.5,567.467782,2.543750000000002
1086,108.6,564.308956,2.918749999999997
1087,108.7,560.261711,3.2874999999999974
1088,108.8,566.480649,3.0937500000000044
1089,108.9,569.343334,1.8937499999999965
1090,109.0,567.369068,1.9250000000000007
1091,109.1,566.381935,2.318750000000004
1092,109.2,567.862635,2.7374999999999945
1093,109.3,564.8025230000001,3.1312499999999983
1094,109.4,562.92697,3.2625000000000046
1095,109.5,572.897013,1.9562500000000023
1096,109.6,567.763922,1.8937500000000023
1097,109.7,574.081573,2.45
1098,109.8,570.231754,2.549999999999997
1099,109.9,563.9141030000001,3.1624999999999965
1100,110.0,572.6995870000001,2.0812499999999994
1101,110.1,571.0214599999999,2.4125
1102,110.2,567.369068,2.8437499999999982
1103,110.3,560.952704,3.225000000000005
1104,110.4,568.158775,2.799999999999997
1105,110.5,567.862635,1.8187499999999976
1106,110.6,566.776789,2.2187499999999964
1107,110.7,564.8025230000001,2.924999999999998
1108,110.8,563.8153900000001,3.1875
1109,110.9,565.987082,1.949999999999993
1110,111.0,567.665208,2.5999999999999983
1111,111.1,566.9742150000001,2.775
1112,111.2,564.308956,3.006249999999998
1113,111.3,562.03855,3.2000000000000073
1114,111.4,560.952704,3.331250000000003
1115,111.5,560.162998,3.3312500000000034
1116,111.6,561.74241,3.4249999999999994
1117,111.7,569.935614,2.281249999999999
1118,111.8,564.605096,2.0312499999999987
1119,111.9,566.085795,2.3687499999999995
1120,112.0,566.283222,2.6374999999999975
1121,112.1,562.03855,3.1250000000000027
1122,112.2,558.879725,3.2249999999999996
1123,112.3,560.656564,3.099999999999994
1124,112.4,569.244621,2.406250000000002
1125,112.5,563.321823,2.1249999999999947
1126,112.6,564.999949,2.543750000000001
1127,112.7,566.1845089999999,2.6250000000000018
1128,112.8,561.150131,3.0562499999999995
1129,112.9,558.386158,3.2187500000000044
1130,113.0,567.862635,2.462499999999996
1131,113.1,562.137263,2.400000000000004
1132,113.2,558.6822980000001,3.2249999999999996
1133,113.3,562.7295429999999,3.0687500000000005
1134,113.4,566.9742150000001,2.131250000000001
1135,113.5,565.2960889999999,2.518749999999998
1136,113.6,558.978438,3.231250000000001
1137,113.7,560.656564,3.1624999999999996
1138,113.8,562.828257,1.9812499999999973
1139,113.9,561.643697,2.33125
1140,114.0,561.544984,2.81875
1141,114.1,555.523472,3.543750000000004
1142,114.2,561.939837,3.1499999999999986
1143,114.3,562.63083,1.9625000000000001
1144,114.4,560.952704,2.3187500000000045
1145,114.5,562.828257,2.6437499999999985
1146,114.6,560.162998,3.118749999999997
1147,114.7,558.781011,3.237499999999996
1148,114.8,556.5106049999999,3.218749999999999
1149,114.9,557.0041719999999,3.2875
1150,115.0,563.4205360000001,3.23125
1151,115.1,563.124396,1.9375000000000024
1152,115.2,562.433403,2.2625000000000077
1153,115.3,565.2960889999999,2.599999999999998
1154,115.4,562.137263,3.0874999999999977
1155,115.5,558.879725,3.4125000000000028
1156,115.6,558.6822980000001,3.293749999999998
1157,115.7,564.8025230000001,3.01875
1158,115.8,568.3562009999999,2.6312499999999996
1159,115.9,570.034327,2.112500000000001
1160,116.0,569.5407610000001,2.1125000000000043
1161,116.1,566.085795,2.1312499999999956
1162,116.2,566.085795,1.981250000000003
1163,116.3,564.901236,2.4312499999999977
1164,116.4,566.875502,2.8437500000000036
1165,116.5,559.274578,3.3937500000000007
1166,116.6,563.4205360000001,3.225000000000006
1167,116.7,568.158775,3.0062499999999996
1168,116.8,566.381935,2.0124999999999957
1169,116.9,568.454915,2.6687499999999975
1170,117.0,563.51925,3.006250000000003
1171,117.1,566.9742150000001,1.9750000000000019
1172,117.2,568.553628,3.081249999999997
1173,117.3,569.145908,2.924999999999998
1174,117.4,566.5793620000001,2.462499999999996
1175,117.5,565.197376,3.14375
1176,117.6,570.034327,2.4625000000000012
1177,117.7,563.617963,3.4499999999999966
1178,117.8,567.270355,3.293749999999998
1179,117.9,571.811167,2.2187499999999964
1180,118.0,566.5793620000001,2.3874999999999913
1181,118.1,567.763922,2.987500000000001
1182,118.2,561.44627,3.337500000000004
1183,118.3,571.712454,2.3750000000000004
1184,118.4,566.5793620000001,2.1187499999999995
1185,118.5,564.308956,3.2250000000000054
1186,118.6,561.643697,3.3187500000000014
1187,118.7,571.218887,2.2875
1188,118.8,565.987082,2.131250000000001
1189,118.9,566.085795,3.206249999999997
1190,119.0,561.939837,3.1625000000000023
1191,119.1,565.690942,2.068750000000003
1192,119.2,565.2960889999999,2.9
1193,119.3,562.92697,3.4187499999999984
1194,119.4,564.999949,2.2500000000000004
1195,119.5,564.210243,3.1749999999999985
1196,119.6,563.8153900000001,2.887500000000001
1197,119.7,564.999949,2.0249999999999977
1198,119.8,564.901236,3.10625
1199,119.9,559.5707179999999,3.2999999999999994
1200,120.0,569.145908,2.3312499999999976
1201,120.1,563.124396,2.337499999999996
1202,120.2,564.210243,3.0124999999999984
1203,120.3,560.261711,3.106250000000001
1204,120.4,564.999949,2.200000000000005
1205,120.5,563.4205360000001,2.2250000000000023
1206,120.6,566.283222,2.5562499999999977
1207,120.7,565.888369,2.7000000000000006
1208,120.8,558.1887320000001,3.4249999999999994
1209,120.9,558.583585,3.4000000000000066
1210,121.0,570.231754,2.8562499999999966
1211,121.1,565.493516,2.0624999999999973
1212,121.2,566.381935,3.031250000000001
1213,121.3,560.162998,3.4312499999999972
1214,121.4,569.145908,2.7062499999999963
1215,121.5,566.1845089999999,2.212500000000001
1216,121.6,568.060061,2.6312500000000023
1217,121.7,562.433403,3.312500000000001
1218,121.8,559.768144,3.437500000000001
1219,121.9,568.652341,3.1125000000000034
1220,122.0,565.197376,2.7812500000000004
1221,122.1,558.6822980000001,3.3937500000000003
1222,122.2,567.270355,2.1624999999999996
1223,122.3,566.381935,2.6000000000000036
1224,122.4,561.44627,3.243749999999997
1225,122.5,559.866858,3.3312499999999976
1226,122.6,569.343334,2.237499999999999
1227,122.7,565.197376,2.6625000000000014
1228,122.8,559.6694309999999,3.1249999999999973
1229,122.9,556.806745,3.4624999999999986
1230,123.0,557.596452,3.3687499999999972
1231,123.1,559.373291,3.299999999999999
1232,123.2,556.609319,3.4000000000000012
1233,123.3,557.596452,3.418749999999998
1234,123.4,561.74241,3.268749999999997
1235,123.5,567.270355,2.812499999999999
1236,123.6,568.158775,2.524999999999996
1237,123.7,566.875502,2.943749999999998
1238,123.8,567.369068,2.8812499999999974
1239,123.9,569.738188,2.2062500000000025
1240,124.0,569.6394740000001,2.425000000000002
1241,124.1,564.012816,2.3312499999999954
1242,124.2,566.085795,2.5312500000000004
1243,124.3,567.961348,2.543750000000001
1244,124.4,567.665208,3.043750000000003
1245,124.5,568.652341,2.724999999999998
1246,124.6,567.467782,2.8062499999999986
1247,124.7,567.171642,2.5499999999999967
1248,124.8,567.961348,2.631249999999997
1249,124.9,567.961348,2.9
1250,125.0,561.939837,3.418750000000004
1251,125.1,565.592229,3.28125
1252,125.2,569.145908,2.3437500000000018
1253,125.3,567.369068,2.156249999999999
1254,125.4,567.665208,2.581249999999996
1255,125.5,570.5278940000001,2.65625
1256,125.6,571.4163139999999,2.4125000000000005
1257,125.7,570.626607,2.3562499999999984
1258,125.8,570.5278940000001,2.1499999999999977
1259,125.9,570.429181,2.0562499999999964
1260,126.0,568.948481,2.36875
1261,126.1,570.133041,2.112499999999998
1262,126.2,569.738188,2.1687500000000006
1263,126.3,567.072928,2.0812500000000003
1264,126.4,567.072928,2.1062500000000033
1265,126.5,569.6394740000001,2.1062499999999975
1266,126.6,567.665208,3.2437499999999995
1267,126.7,561.939837,3.4062499999999996
1268,126.8,561.643697,3.406250000000002
1269,126.9,560.656564,3.3437499999999996
1270,127.0,564.012816,3.2624999999999993
1271,127.1,565.7896559999999,2.931249999999999
1272,127.2,560.557851,3.35
1273,127.3,563.9141030000001,3.518750000000003
1274,127.4,565.592229,2.04375
1275,127.5,567.270355,2.543750000000002
1276,127.6,565.493516,2.8999999999999946
1277,127.7,560.0642839999999,3.4312500000000004
1278,127.8,560.8539910000001,3.3812499999999988
1279,127.9,560.360424,3.412500000000003
1280,128.0,558.583585,3.3874999999999997
1281,128.1,560.656564,3.3937500000000007
1282,128.2,566.480649,3.1500000000000004
1283,128.3,569.244621,2.8250000000000055
1284,128.4,567.665208,2.8437499999999982
1285,128.5,567.862635,3.093749999999999
1286,128.6,561.051417,3.5249999999999964
1287,128.7,562.92697,3.4062500000000053
1288,128.8,571.218887,2.5250000000000017
1289,128.9,569.836901,2.3062500000000026
1290,129.0,566.875502,2.074999999999999
1291,129.1,565.592229,2.3875000000000024
1292,129.2,567.763922,2.6562500000000004
1293,129.3,566.1845089999999,2.4874999999999994
1294,129.4,564.605096,2.3999999999999986
1295,129.5,567.961348,2.887499999999998
1296,129.6,565.098662,3.1437499999999994
1297,129.7,560.261711,3.5687500000000023
1298,129.8,560.360424,3.3750000000000036
1299,129.9,567.270355,3.1437500000000025
1300,130.0,569.047194,2.6874999999999982
1301,130.1,569.145908,2.3125000000000036
1302,130.2,564.210243,2.212500000000006
1303,130.3,563.9141030000001,2.500000000000001
1304,130.4,564.901236,2.5687499999999988
1305,130.5,563.8153900000001,2.5812500000000016
1306,130.6,564.210243,2.6499999999999995
1307,130.7,566.5793620000001,2.7875000000000014
1308,130.8,561.544984,3.3500000000000005
1309,130.9,558.978438,3.487500000000002
1310,131.0,563.9141030000001,3.36875
1311,131.1,570.824034,2.6562500000000004
1312,131.2,570.922747,2.456249999999998
1313,131.3,568.158775,2.2562500000000014
1314,131.4,566.283222,2.150000000000004
1315,131.5,566.1845089999999,2.2625000000000024
1316,131.6,566.283222,2.4875
1317,131.7,568.948481,2.9749999999999996
1318,131.8,564.605096,3.3187500000000014
1319,131.9,564.703809,3.2624999999999993
1320,132.0,572.403447,2.6187500000000004
1321,132.1,567.961348,2.1437500000000025
1322,132.2,568.158775,2.787499999999996
1323,132.3,563.8153900000001,3.5125000000000006
1324,132.4,564.308956,3.5499999999999994
1325,132.5,572.6008730000001,2.2312499999999984
1326,132.6,566.5793620000001,2.825000000000001
1327,132.7,569.244621,3.325000000000002
1328,132.8,564.308956,3.543750000000004
1329,132.9,565.098662,3.606249999999999
1330,133.0,571.5150269999999,3.268750000000003
1331,133.1,575.167419,2.4062499999999996
1332,133.2,571.4163139999999,2.3812499999999956
1333,133.3,570.626607,2.131250000000001
1334,133.4,571.712454,2.856249999999999
1335,133.5,572.008593,3.068749999999995
1336,133.6,565.197376,3.6312499999999996
1337,133.7,566.283222,3.399999999999996
1338,133.8,569.738188,3.231250000000004
1339,133.9,567.665208,2.3187499999999983
1340,134.0,567.171642,2.131250000000006
1341,134.1,567.072928,2.45
1342,134.2,567.763922,2.743750000000001
1343,134.3,568.060061,2.9500000000000064
1344,134.4,563.025683,3.6374999999999944
1345,134.5,565.3948019999999,3.637500000000003
1346,134.6,566.875502,2.143749999999997
1347,134.7,565.987082,2.7312500000000046
1348,134.8,567.961348,2.825000000000001
1349,134.9,566.776789,3.175
1350,135.0,566.1845089999999,3.125000000000002
1351,135.1,564.111529,3.575000000000003
1352,135.2,562.828257,3.581249999999998
1353,135.3,567.072928,2.9375
1354,135.4,565.987082,2.681249999999998
1355,135.5,564.506383,2.4937500000000004
1356,135.6,564.901236,2.8250000000000055
1357,135.7,565.888369,2.812499999999999
1358,135.8,566.480649,2.7312499999999944
1359,135.9,566.875502,2.8437500000000036
1360,136.0,566.9742150000001,2.9687499999999982
1361,136.1,566.1845089999999,2.743750000000001
1362,136.2,569.047194,2.1999999999999993
1363,136.3,571.712454,2.6874999999999964
1364,136.4,571.0214599999999,2.4250000000000016
1365,136.5,566.283222,2.2562500000000014
1366,136.6,566.085795,2.812499999999999
1367,136.7,568.652341,2.98125
1368,136.8,562.33469,3.606250000000001
1369,136.9,561.347557,3.5437499999999984
1370,137.0,561.347557,3.5375000000000005
1371,137.1,566.678075,3.449999999999998
1372,137.2,570.725321,2.868750000000004
1373,137.3,565.888369,2.2312499999999975
1374,137.4,564.407669,2.5812500000000007
1375,137.5,565.690942,2.724999999999998
1376,137.6,565.987082,2.7750000000000052
1377,137.7,564.901236,2.8000000000000034
1378,137.8,566.381935,3.1562500000000018
1379,137.9,564.012816,3.3312499999999976
1380,138.0,564.703809,3.399999999999996
1381,138.1,558.484871,3.687499999999996
1382,138.2,561.643697,3.5125000000000024
1383,138.3,561.347557,3.574999999999997
1384,138.4,567.072928,3.125
1385,138.5,559.175865,3.4999999999999982
1386,138.6,561.051417,3.437500000000001
1387,138.7,563.321823,3.2749999999999986
1388,138.8,562.433403,3.5250000000000012
1389,138.9,562.433403,3.437500000000001
1390,139.0,565.888369,3.1312500000000068
1391,139.1,567.862635,2.4187499999999984
1392,139.2,565.493516,2.4062499999999996
1393,139.3,563.4205360000001,2.2749999999999986
1394,139.4,563.124396,2.45
1395,139.5,563.4205360000001,2.3000000000000016
1396,139.6,565.197376,2.3875000000000024
1397,139.7,566.5793620000001,2.6374999999999975
1398,139.8,569.244621,2.474999999999998
1399,139.9,565.098662,3.487500000000005
1400,140.0,559.6694309999999,3.5499999999999967
1401,140.1,561.051417,3.5812499999999985
1402,140.2,559.472004,3.7875000000000036
1403,140.3,559.6694309999999,3.643750000000001
1404,140.4,560.755277,3.5999999999999948
1405,140.5,561.939837,3.59375
1406,140.6,570.5278940000001,2.906250000000001
1407,140.7,565.987082,2.2875000000000005
1408,140.8,569.442048,2.8687500000000012
1409,140.9,567.270355,3.1750000000000047
1410,141.0,564.999949,3.4249999999999936
1411,141.1,561.544984,3.6624999999999983
1412,141.2,564.901236,3.4437499999999983
1413,141.3,568.751055,2.012500000000001
1414,141.4,567.961348,2.8124999999999996
1415,141.5,565.493516,3.512500000000006
1416,141.6,562.2359769999999,3.7062500000000034
1417,141.7,567.862635,3.431250000000003
1418,141.8,572.7983,2.643749999999999
1419,141.9,568.454915,2.356249999999999
1420,142.0,568.257488,2.4625000000000017
1421,142.1,567.961348,2.662499999999996
1422,142.2,569.244621,3.024999999999995
1423,142.3,564.703809,3.6375
1424,142.4,561.841124,3.575
1425,142.5,571.4163139999999,2.418750000000001
1426,142.6,566.085795,2.2062500000000003
1427,142.7,567.467782,2.724999999999998
1428,142.8,566.776789,3.399999999999996
1429,142.9,561.74241,3.6062499999999957
1430,143.0,560.8539910000001,3.7062500000000043
1431,143.1,563.025683,3.531250000000002
1432,143.2,570.133041,2.5187500000000034
1433,143.3,565.098662,2.4249999999999967
1434,143.4,566.9742150000001,2.9499999999999953
1435,143.5,567.072928,3.162499999999997
1436,143.6,567.171642,3.012499999999998
1437,143.7,566.5793620000001,3.2812499999999964
1438,143.8,564.605096,3.3624999999999963
1439,143.9,565.7896559999999,3.299999999999999
1440,144.0,563.124396,3.468749999999999
1441,144.1,562.137263,3.5437499999999984
1442,144.2,559.866858,3.8624999999999976
1443,144.3,561.150131,3.575000000000004
1444,144.4,558.6822980000001,3.6375
1445,144.5,558.879725,3.693750000000005
1446,144.6,564.506383,3.443749999999996
1447,144.7,568.454915,2.4937500000000004
1448,144.8,567.270355,3.0500000000000043
1449,144.9,559.768144,3.7687500000000016
1450,145.0,560.557851,3.706250000000004
1451,145.1,561.347557,3.3937500000000007
1452,145.2,560.755277,3.500000000000004
1453,145.3,559.866858,3.3999999999999955
1454,145.4,560.162998,3.525000000000002
1455,145.5,561.2488440000001,3.412500000000003
1456,145.6,564.111529,3.06875
1457,145.7,564.210243,2.931249999999999
1458,145.8,562.03855,2.9562499999999967
1459,145.9,560.755277,2.6062499999999997
1460,146.0,568.8497679999999,2.468749999999997
1461,146.1,569.738188,2.668750000000002
1462,146.2,568.8497679999999,2.481250000000004
1463,146.3,569.6394740000001,2.7625000000000037
1464,146.4,569.047194,2.487499999999999
1465,146.5,568.553628,2.5812500000000007
1466,146.6,568.8497679999999,2.9250000000000007
1467,146.7,568.751055,3.031250000000001
1468,146.8,570.231754,2.6937500000000054
1469,146.9,565.987082,2.2562500000000014
1470,147.0,562.137263,2.4062500000000053
1471,147.1,562.532117,2.5375000000000005
1472,147.2,563.2231099999999,2.7749999999999995
1473,147.3,565.197376,3.187500000000001
1474,147.4,564.506383,3.3374999999999977
1475,147.5,564.506383,3.343749999999999
1476,147.6,562.828257,3.487499999999996
1477,147.7,560.8539910000001,3.6749999999999945
1478,147.8,559.175865,3.8499999999999956
1479,147.9,563.124396,3.725000000000001
1480,148.0,569.738188,2.787499999999996
1481,148.1,569.935614,2.443750000000005
1482,148.2,566.283222,2.45
1483,148.3,566.085795,2.3812499999999956
1484,148.4,566.875502,2.4249999999999967
1485,148.5,566.1845089999999,2.3687499999999995
1486,148.6,567.270355,2.349999999999998
1487,148.7,565.987082,2.5125000000000024
1488,148.8,566.678075,2.8250000000000015
1489,148.9,568.553628,3.118750000000002
1490,149.0,563.8153900000001,3.7687499999999963
1491,149.1,561.643697,3.674999999999994
1492,149.2,568.751055,3.4437499999999965
1493,149.3,568.652341,2.3249999999999997
1494,149.4,570.034327,3.099999999999994
1495,149.5,563.51925,3.8062499999999964
1496,149.6,572.897013,2.8937500000000016
1497,149.7,566.381935,2.7
1498,149.8,568.751055,3.206249999999997
1499,149.9,560.8539910000001,3.9187500000000046
1500,150.0,574.180286,2.6875000000000044
1501,150.1,569.935614,2.2875000000000054
1502,150.2,565.987082,2.6374999999999975
1503,150.3,565.7896559999999,2.8625000000000007
1504,150.4,569.738188,3.4062499999999973
1505,150.5,568.158775,3.062500000000006
1506,150.6,567.566495,2.6937499999999996
1507,150.7,565.690942,2.8874999999999984
1508,150.8,565.2960889999999,2.7249999999999983
1509,150.9,566.085795,2.481250000000004
1510,151.0,565.197376,2.5062500000000023
1511,151.1,566.5793620000001,2.481249999999999
1512,151.2,570.034327,2.6624999999999988
1513,151.3,569.836901,2.9249999999999985
1514,151.4,566.5793620000001,3.493749999999995
1515,151.5,567.467782,3.281249999999999
1516,151.6,568.060061,3.287499999999997
1517,151.7,569.5407610000001,2.806250000000004
1518,151.8,568.751055,2.8562500000000024
1519,151.9,568.060061,3.3124999999999973
1520,152.0,561.051417,3.8062500000000012
1521,152.1,559.965571,3.6999999999999975
1522,152.2,562.828257,3.562500000000007
1523,152.3,565.7896559999999,3.268750000000005
1524,152.4,565.888369,3.3812499999999983
1525,152.5,565.987082,3.0437500000000033
1526,152.6,565.493516,3.137499999999993
1527,152.7,563.2231099999999,3.4375000000000013
1528,152.8,562.2359769999999,3.6249999999999987
1529,152.9,559.6694309999999,3.71875
1530,153.0,557.892592,3.793750000000004
1531,153.1,558.1887320000001,3.8187499999999965
1532,153.2,559.5707179999999,3.7375000000000034
1533,153.3,556.609319,3.931249999999996
1534,153.4,556.214466,4.218749999999999
1535,153.5,557.300312,3.7937499999999993
1536,153.6,558.879725,3.6750000000000003
1537,153.7,561.44627,3.85625
1538,153.8,565.098662,3.4624999999999986
1539,153.9,562.433403,2.493750000000001
1540,154.0,560.755277,3.168750000000003
1541,154.1,560.459137,3.6562499999999973
1542,154.2,557.7938780000001,3.8312500000000047
1543,154.3,558.287445,3.575000000000004
1544,154.4,556.214466,3.968750000000001
1545,154.5,556.411892,3.8750000000000044
1546,154.6,558.090018,3.7499999999999996
1548,154.8,559.6694309999999,3.9625000000000057
1549,154.9,560.261711,3.624999999999999
1550,155.0,559.866858,3.7062500000000034
1551,155.1,556.905459,3.9375000000000027
1552,155.2,562.828257,3.6750000000000025
1553,155.3,564.308956,2.706249999999996
1554,155.4,560.755277,2.475000000000003
1555,155.5,560.360424,2.6937499999999996
1556,155.6,563.321823,2.918750000000003
1557,155.7,561.347557,2.8812499999999974
1558,155.8,561.150131,3.01875
1559,155.9,563.617963,3.106249999999995
1560,156.0,561.544984,3.4937499999999972
1561,156.1,556.905459,3.8687500000000012
1562,156.2,569.836901,2.650000000000005
1563,156.3,565.592229,2.5124999999999975
1564,156.4,565.690942,2.675000000000003
1565,156.5,568.257488,3.299999999999999
1566,156.6,562.92697,3.6812499999999946
1567,156.7,563.51925,3.8749999999999987
1568,156.8,567.369068,2.7499999999999964
1569,156.9,567.862635,3.0937499999999987
1570,157.0,569.442048,3.0749999999999957
1571,157.1,568.060061,3.087500000000003
1572,157.2,570.231754,3.0999999999999996
1573,157.3,570.231754,3.26875
1574,157.4,569.738188,3.3062499999999995
1575,157.5,568.948481,3.4937499999999972
1576,157.6,563.51925,3.8812499999999996
1577,157.7,564.210243,3.8437500000000004
1578,157.8,561.150131,3.9312500000000017
1579,157.9,562.2359769999999,3.7812500000000027
1580,158.0,562.03855,3.88125
1581,158.1,561.051417,4.181249999999997
1582,158.2,558.6822980000001,3.881250000000001
1583,158.3,560.755277,3.8249999999999953
1584,158.4,559.373291,3.8687499999999986
1585,158.5,567.862635,2.8750000000000018
1586,158.6,565.2960889999999,2.7500000000000013
1587,158.7,566.085795,2.668750000000002
1588,158.8,567.961348,2.837499999999997
1589,158.9,565.987082,3.349999999999997
1590,159.0,556.806745,4.1312500000000005
1591,159.1,559.175865,3.8312499999999936
1592,159.2,561.44627,3.656250000000002
1593,159.3,560.952704,3.218750000000004
1594,159.4,562.433403,2.668750000000002
1595,159.5,566.678075,2.8687500000000066
1596,159.6,565.7896559999999,3.0499999999999954
1597,159.7,563.9141030000001,2.9187500000000024
1598,159.8,563.2231099999999,2.9999999999999973
1599,159.9,556.806745,3.8812500000000028
1600,160.0,553.746633,3.9499999999999984
1601,160.1,554.7337660000001,3.874999999999999
1602,160.2,563.321823,3.237500000000001
1603,160.3,562.828257,2.8375
1604,160.4,558.484871,3.793750000000003
1605,160.5,552.16722,4.074999999999993
1606,160.6,551.377514,4.125
1607,160.7,553.845346,3.981250000000003
1608,160.8,559.472004,3.4124999999999974
1609,160.9,561.347557,3.1999999999999957
1610,161.0,556.1157519999999,3.1625000000000023
1611,161.1,556.609319,2.7562500000000023
1612,161.2,558.484871,3.131249999999998
1613,161.3,560.459137,3.4499999999999944
1614,161.4,555.1286190000001,3.968750000000001
1615,161.5,555.918326,3.8874999999999984
1616,161.6,556.411892,4.031249999999998
1617,161.7,560.656564,3.1750000000000016
1618,161.8,556.609319,2.6312500000000023
1619,161.9,554.931193,3.243749999999997
1620,162.0,558.484871,3.3249999999999957
1621,162.1,556.411892,3.6375
1622,162.2,549.699388,4.012500000000001
1623,162.3,546.244422,4.131250000000001
1624,162.4,547.527695,4.106250000000003
1625,162.5,556.1157519999999,3.3937499999999976
1626,162.6,553.746633,2.774999999999994
1627,162.7,555.819612,3.031250000000001
1628,162.8,557.991305,3.0375000000000023
1629,162.9,553.5492059999999,4.025000000000003
1630,163.0,555.523472,3.725000000000001
1631,163.1,549.896814,3.98125
1632,163.2,547.7251219999999,3.937499999999999
1633,163.3,545.9482820000001,4.262500000000002
1634,163.4,546.935415,4.1312500000000005
1635,163.5,548.021262,4.125
1636,163.6,550.587807,3.98125
1637,163.7,557.102885,3.156250000000002
1638,163.8,549.0083950000001,3.2625000000000046
1639,163.9,554.2402,3.756249999999999
1640,164.0,552.562073,3.6624999999999983
1641,164.1,552.7595,3.531250000000002
1642,164.2,549.107108,4.231250000000003
1643,164.3,544.961149,4.262499999999999
1644,164.4,552.265934,4.15
1645,164.5,556.5106049999999,3.1374999999999993
1646,164.6,551.9697940000001,2.8812499999999974
1647,164.7,553.253067,3.1124999999999954
1648,164.8,552.0685070000001,2.9562500000000016
1650,165.0,553.845346,3.8125000000000027
1651,165.1,553.746633,3.906249999999998
1652,165.2,553.845346,3.8312499999999985
1653,165.3,554.3389129999999,4.025000000000003
1654,165.4,554.536339,3.9124999999999988
1655,165.5,550.686521,4.199999999999999
1656,165.6,544.961149,4.343750000000003
1657,165.7,543.48045,4.324999999999999
1658,165.8,545.652143,4.16875
1659,165.9,546.935415,4.318750000000004
1660,166.0,544.763723,4.3437499999999964
1661,166.1,542.7894570000001,4.500000000000001
1662,166.2,543.77659,4.299999999999996
1663,166.3,544.36887,4.468750000000002
1664,166.4,548.3174019999999,3.8187500000000023
1665,166.5,544.171443,3.493749999999997
1666,166.6,545.9482820000001,3.2249999999999996
1667,166.7,548.416115,3.2375000000000016
1668,166.8,547.034129,4.275000000000001
1669,166.9,539.926771,4.487499999999999
1670,167.0,539.4332049999999,4.45
1671,167.1,535.385959,4.6499999999999995
1672,167.2,538.742212,4.550000000000002
1673,167.3,535.9782389999999,4.487499999999998
1674,167.4,534.991106,4.456250000000007
1675,167.5,540.2229110000001,4.518750000000001
1676,167.6,546.046996,3.431250000000003
1677,167.7,544.171443,3.287499999999997
1678,167.8,544.6650099999999,3.2937499999999984
1679,167.9,543.085597,3.3187499999999956
1680,168.0,540.025484,3.3625000000000016
1681,168.1,540.617764,3.5187500000000003
1682,168.2,541.99975,3.8124999999999964
1683,168.3,544.2701559999999,3.831249999999998
1684,168.4,540.025484,3.1562500000000018
1685,168.5,547.034129,3.4312500000000057
1686,168.6,542.29589,4.249999999999997
1687,168.7,534.892393,4.6625000000000005
1688,168.8,539.828058,4.199999999999999
1689,168.9,541.210044,3.925
1690,169.0,539.531918,4.2875
1691,169.1,540.420338,4.118750000000005
1692,169.2,541.111331,4.012500000000001
1693,169.3,539.4332049999999,3.8937500000000025
1694,169.4,537.360225,3.600000000000002
1695,169.5,543.48045,3.6312500000000023
1696,169.6,538.643498,4.59375
1697,169.7,539.3344910000001,4.53125
1698,169.8,538.347358,4.693750000000005
1699,169.9,540.519051,4.262499999999999
1700,170.0,542.59203,3.7999999999999976
1701,170.1,542.0984639999999,3.8062499999999986
1702,170.2,540.420338,3.5687500000000023
1703,170.3,536.965372,3.687500000000001
1704,170.4,537.064085,3.8937499999999963
1705,170.5,540.1241980000001,3.949999999999998
1706,170.6,538.5447849999999,4.4375000000000036
1707,170.7,537.853792,3.8312500000000043
1708,170.8,536.767946,3.5874999999999986
1709,170.9,535.8795259999999,3.606249999999996
1710,171.0,536.6692320000001,3.6687499999999944
1711,171.1,536.570519,3.606250000000001
1712,171.2,539.038351,3.737499999999997
1713,171.3,535.089819,4.993750000000003
1714,171.4,533.3129799999999,4.806249999999995
1715,171.5,533.3129799999999,4.706250000000002
1716,171.6,532.9181269999999,4.9562500000000025
1717,171.7,533.01684,4.9499999999999975
1718,171.8,535.385959,4.8
1719,171.9,542.59203,4.1312500000000005
1720,172.0,541.703611,3.656249999999992
1721,172.1,538.347358,3.5312499999999973
1722,172.2,539.4332049999999,4.1437500000000025
1723,172.3,542.0984639999999,4.343750000000002
1724,172.4,539.137065,4.706249999999995
1725,172.5,537.557652,5.031249999999996
1726,172.6,537.360225,5.006249999999997
1727,172.7,534.2014,5.275
1728,172.8,537.1627990000001,4.731249999999998
1729,172.9,542.0984639999999,4.750000000000001
1730,173.0,542.0984639999999,3.9312499999999955
1731,173.1,541.901037,4.28125
1732,173.2,538.149932,5.087500000000003
1733,173.3,536.471806,5.2062500000000025
1734,173.4,537.458939,5.012499999999996
1735,173.5,536.076952,5.087499999999998
1736,173.6,535.780813,5.125
1737,173.7,539.137065,5.081249999999999
1738,173.8,544.961149,4.025000000000003
1739,173.9,544.07273,4.068749999999998
1740,174.0,543.48045,4.5749999999999975
1741,174.1,544.763723,4.2875000000000005
1742,174.2,545.059863,4.2062500000000025
1743,174.3,544.862436,4.206249999999997
1744,174.4,541.407471,4.0375
1745,174.5,539.531918,4.056250000000002
1746,174.6,540.519051,4.031249999999998
1748,174.8,542.59203,4.199999999999998
1749,174.9,540.1241980000001,4.25
1750,175.0,535.8795259999999,4.112499999999998
1751,175.1,536.471806,4.556249999999998
1752,175.2,538.643498,4.649999999999999
1753,175.3,537.458939,4.893750000000004
1754,175.4,535.385959,5.062499999999999
1755,175.5,535.484673,5.037499999999996
1756,175.6,536.175666,4.825
1757,175.7,533.214267,5.087499999999997
1758,175.8,531.141288,4.587500000000002
1759,175.9,530.746434,4.306250000000002
1760,176.0,533.214267,4.33125
1761,176.1,530.450294,5.418750000000004
1762,176.2,527.291469,5.693749999999997
1763,176.3,532.4245599999999,5.100000000000005
1764,176.4,529.956728,4.893750000000004
1765,176.5,528.081175,4.225000000000002
1766,176.6,532.4245599999999,4.4250000000000025
1767,176.7,531.0425740000001,5.050000000000001
1768,176.8,531.634854,4.7499999999999964
1769,176.9,527.982462,5.618749999999998
1770,177.0,524.428783,5.6
1771,177.1,529.660588,5.124999999999997
1772,177.2,530.845148,4.937499999999999
1773,177.3,531.634854,4.699999999999995
1774,177.4,531.634854,4.481250000000001
1775,177.5,529.463161,4.668750000000002
1776,177.6,531.0425740000001,4.69375
1777,177.7,530.549008,4.662499999999997
1778,177.8,524.92235,4.7624999999999975
1779,177.9,525.415916,4.775000000000006
1780,178.0,525.3172030000001,4.5375000000000005
1781,178.1,524.62621,4.693750000000004
1782,178.2,524.724923,4.974999999999999
1783,178.3,525.514629,4.856249999999999
1784,178.4,525.119776,4.7375
1785,178.5,525.712056,4.899999999999994
1786,178.6,528.574742,5.293749999999998
1787,178.7,525.021063,5.662499999999998
1788,178.8,520.5789639999999,5.9687500000000036
1789,178.9,523.73779,5.849999999999998
1790,179.0,524.62621,6.068750000000003
1791,179.1,526.6991889999999,5.9250000000000025
1792,179.2,530.154155,5.718750000000002
1793,179.3,528.476028,5.868750000000001
1794,179.4,523.73779,6.1062500000000055
1795,179.5,522.158377,6.00625
1796,179.6,530.351581,5.256249999999998
1797,179.7,527.785035,4.900000000000005
1798,179.8,529.265735,4.912499999999996
1799,179.9,526.403049,4.69375
1800,180.0,527.4888950000001,5.512499999999999
1801,180.1,525.712056,5.906249999999998
1802,180.2,526.6991889999999,5.850000000000001
1803,180.3,528.179889,5.856249999999996
1804,180.4,526.6991889999999,5.9937499999999995
1805,180.5,527.785035,5.893749999999997
1806,180.6,528.3773150000001,5.9624999999999995
1807,180.7,525.712056,5.956249999999999
1808,180.8,525.2184900000001,6.000000000000005
1809,180.9,527.094042,6.012499999999995
1810,181.0,528.081175,5.656249999999997
1811,181.1,526.995329,5.575000000000003
1812,181.2,527.4888950000001,5.181249999999999
1813,181.3,529.364448,5.6999999999999975
1814,181.4,526.896616,5.999999999999999
1815,181.5,523.540363,6.375000000000006
1816,181.6,520.282825,6.381250000000002
1817,181.7,524.724923,6.3125
1818,181.8,530.2528679999999,5.424999999999999
1819,181.9,525.3172030000001,5.212500000000004
1820,182.0,524.0339299999999,5.4437500000000005
1821,182.1,523.6390769999999,5.712500000000005
1822,182.2,524.8236360000001,5.356250000000001
1823,182.3,527.291469,5.874999999999999
1824,182.4,526.501762,5.84375
1825,182.5,526.403049,6.050000000000001
1826,182.6,523.935217,6.293750000000001
1827,182.7,518.4072719999999,6.556249999999997
1828,182.8,524.231357,6.556249999999997
1829,182.9,521.171244,5.387500000000005
1830,183.0,520.480251,5.35
1831,183.1,519.493118,5.6999999999999975
1832,183.2,519.887971,5.712500000000005
1833,183.3,522.84937,5.993749999999999
1834,183.4,515.840726,6.956250000000002
1835,183.5,516.630433,6.787500000000001
1836,183.6,524.62621,5.975000000000003
1837,183.7,521.0725309999999,5.687499999999996
1838,183.8,518.999552,6.193749999999999
1839,183.9,521.862237,6.368749999999999
1840,184.0,517.716279,6.625000000000001
1841,184.1,515.149733,6.8000000000000025
1842,184.2,511.497341,6.937499999999999
1843,184.3,518.703412,6.724999999999998
1844,184.4,515.6433,5.856250000000002
1845,184.5,515.05102,6.806250000000003
1846,184.6,507.647522,7.256249999999998
1847,184.7,513.3728940000001,6.900000000000003
1848,184.8,514.261313,6.087499999999995
1849,184.9,512.1883339999999,5.949999999999999
1850,185.0,509.720502,6.443749999999999
1851,185.1,509.128222,6.86875
1852,185.2,503.501564,7.531250000000001
1853,185.3,503.797704,7.337499999999996
1854,185.4,512.089621,6.762499999999998
1855,185.5,508.239802,6.506250000000001
1856,185.6,505.673256,7.425000000000003
1857,185.7,502.218291,7.431250000000002
1858,185.8,490.175268,7.025000000000003
1859,185.9,509.424362,6.399999999999999
1860,186.0,505.377116,6.237500000000004
1861,186.1,505.47583,6.3687499999999995
1862,186.2,507.252669,6.518749999999998
1863,186.3,506.857816,6.6750000000000025
1864,186.4,509.819215,6.8874999999999975
1865,186.5,509.621788,6.768749999999998
1866,186.6,510.214068,7.0249999999999995
1867,186.7,508.9307950000001,6.981249999999999
1868,186.8,511.497341,6.993750000000001
1869,186.9,503.797704,7.768750000000002
1870,187.0,505.47583,7.712500000000005
1871,187.1,510.707635,6.449999999999999
1872,187.2,511.299914,7.3749999999999964
1873,187.3,508.239802,7.737500000000002
1874,187.4,513.669034,7.443749999999996
1875,187.5,510.016641,7.075000000000001
1876,187.6,510.608921,7.6874999999999964
1877,187.7,505.278403,8.024999999999997
1878,187.8,514.45874,7.656250000000002
1879,187.9,516.926572,6.868750000000001
1880,188.0,516.433006,7.006249999999998
1881,188.1,512.5831870000001,6.737500000000004
1882,188.2,512.385761,7.3875
1883,188.3,515.3471599999999,7.493750000000004
1884,188.4,513.965173,7.881250000000001
1885,188.5,510.80634800000007,8.099999999999996
1886,188.6,505.377116,8.281249999999998
1887,188.7,505.47583,8.325
1888,188.8,512.9780400000001,8.075000000000001
1889,188.9,515.248446,7.087499999999997
1890,189.0,512.1883339999999,7.03125
1891,189.1,511.201201,7.7375000000000025
1892,189.2,514.261313,7.774999999999995
1893,189.3,505.574543,8.487499999999999
1894,189.4,513.175467,8.050000000000002
1895,189.5,509.819215,7.318749999999996
1896,189.6,509.819215,7.5312499999999964
1897,189.7,509.720502,7.71875
1898,189.8,513.175467,7.8374999999999995
1899,189.9,508.239802,8.587499999999997
1900,190.0,504.29127,8.6375
1901,190.1,514.360027,7.874999999999999
1902,190.2,505.870683,7.8500000000000005
1903,190.3,506.660389,8.643749999999997
1904,190.4,501.428584,8.875000000000002
1905,190.5,501.03373099999993,8.893749999999995
1906,190.6,505.080977,7.662499999999998
1907,190.7,501.329871,8.087499999999999
1908,190.8,500.145312,8.681249999999995
1909,190.9,494.814793,9.24375
1910,191.0,490.767548,9.187499999999998
1911,191.1,491.162401,9.125
1912,191.2,489.582989,9.256249999999996
1913,191.3,497.183913,8.206249999999999
1914,191.4,490.372695,8.193749999999998
1915,191.5,491.655968,8.918750000000003
1916,191.6,484.746037,9.46875
1917,191.7,492.544388,8.987499999999999
1918,191.8,487.115156,8.200000000000005
1919,191.9,486.424163,8.149999999999997
1920,192.0,486.720303,8.387499999999996
1921,192.1,486.128023,8.2125
1922,192.2,485.930596,8.643749999999997
1923,192.3,483.166624,8.69375
1924,192.4,484.25247,8.98125
1925,192.5,483.364051,9.075000000000001
1926,192.6,484.943463,9.28125
1927,192.7,479.5142320000001,9.912500000000003
1928,192.8,476.355406,9.937499999999995
1929,192.9,481.883351,9.987499999999999
1930,193.0,486.02931,8.881249999999996
1931,193.1,481.883351,9.143749999999999
1932,193.2,484.647324,9.531249999999998
1933,193.3,480.40265199999993,10.081249999999999
1934,193.4,478.132246,10.156250000000005
1935,193.5,477.243826,10.312500000000004
1936,193.6,478.527099,10.099999999999996
1937,193.7,483.364051,9.512500000000003
1938,193.8,480.896218,9.581249999999997
1939,193.9,481.587211,9.743750000000004
1940,194.0,480.797505,9.781250000000002
1941,194.1,482.475631,10.037500000000001
1942,194.2,479.020666,10.350000000000001
1943,194.3,475.664413,10.631250000000005
1944,194.4,479.5142320000001,10.762500000000001
1945,194.5,486.522876,9.64375
1946,194.6,481.093645,10.1
1947,194.7,483.660191,10.087499999999999
1948,194.8,484.647324,10.406249999999998
1949,194.9,483.758904,10.543749999999994
1950,195.0,485.2396030000001,10.512499999999998
1951,195.1,485.63445700000005,10.61875
1952,195.2,485.831883,10.699999999999994
1953,195.3,485.930596,10.493749999999991
1954,195.4,486.424163,10.531249999999996
1955,195.5,487.016443,10.61875
1956,195.6,487.2138690000001,10.737499999999999
1957,195.7,485.338317,11.143750000000004
1958,195.8,480.205225,11.574999999999996
1959,195.9,476.059267,11.781249999999996
1960,196.0,476.059267,11.83125
1961,196.1,475.26956,11.825000000000003
1962,196.2,478.230959,11.774999999999997
1963,196.3,479.119379,11.443750000000003
1964,196.4,479.020666,10.718750000000002
1965,196.5,474.479854,10.843750000000002
1966,196.6,474.67728,11.287500000000001
1967,196.7,466.187937,12.243749999999999
1968,196.8,464.016244,12.275
1969,196.9,467.6686360000001,11.0375
1970,197.0,465.69437,12.06875
1971,197.1,458.981866,12.687499999999998
1973,197.3,459.968999,11.468750000000002
1974,197.4,459.376719,12.187500000000002
1975,197.5,450.689949,13.081250000000004
1976,197.6,458.290873,11.787499999999998
1977,197.7,453.8487740000001,11.700000000000003
1978,197.8,453.453921,12.487499999999999
1979,197.9,446.84013,13.193750000000001
1980,198.0,445.95170999999993,13.424999999999999
1981,198.1,441.114759,13.506250000000003
1982,198.2,440.522479,13.537500000000001
1983,198.3,441.016045,13.918750000000001
1984,198.4,442.990311,13.631250000000003
1985,198.5,448.518256,12.949999999999998
1986,198.6,441.608325,12.831249999999999
1987,198.7,441.608325,12.781250000000005
1988,198.8,439.535346,13.162499999999996
1989,198.9,439.436632,13.681249999999993
1990,199.0,435.981667,14.193750000000001
1991,199.1,432.329275,14.45
1992,199.2,432.1318480000001,14.556250000000002
1993,199.3,434.500968,14.6375
1994,199.4,440.719905,14.062500000000002
1995,199.5,437.462367,14.412499999999994
1996,199.6,438.449499,13.875000000000005
1997,199.7,433.415121,13.825000000000005
1998,199.8,433.118981,13.98125
1999,199.9,434.599681,14.162500000000001
2000,200.0,432.625415,14.325
2001,200.1,432.625415,14.393750000000002
2002,200.2,429.170449,14.412500000000005
2003,200.3,431.539569,15.018749999999997
2004,200.4,428.97302300000007,15.787500000000005
2005,200.5,431.04600199999993,15.156249999999993
2006,200.6,429.269163,14.83125
2007,200.7,432.625415,15.212500000000002
2008,200.8,431.144715,15.418749999999994
2009,200.9,426.50519,16.481250000000003
2010,201.0,426.307764,16.418750000000003
2011,201.1,419.693973,16.7875
2012,201.2,420.681106,17.006249999999994
2013,201.3,420.28625199999993,17.08125
2014,201.4,420.483679,17.225
2015,201.5,419.200406,17.618750000000002
2016,201.6,421.964379,17.45
2017,201.7,420.28625199999993,17.574999999999996
2018,201.8,419.693973,17.731250000000003
2019,201.9,419.496546,18.031250000000004
2020,202.0,419.397833,18.112500000000004
2021,202.1,425.024491,17.868750000000002
2022,202.2,424.629638,18.0125
2023,202.3,419.299119,18.2625
2024,202.4,417.028714,18.55
2025,202.5,416.831287,18.675
2026,202.6,418.11456,18.837500000000002
2027,202.7,419.79268600000006,18.775
2028,202.8,418.608126,18.9875
2029,202.9,417.917133,19.33124999999999
2030,203.0,417.81842,19.44375
2031,203.1,419.693973,19.499999999999996
2032,203.2,419.397833,19.618750000000002
2033,203.3,418.805553,19.950000000000006
2034,203.4,419.693973,19.90625
2035,203.5,421.668239,20.21875
2036,203.6,425.715484,20.2
2037,203.7,428.380743,20.050000000000004
2038,203.8,426.406477,20.54374999999999
2039,203.9,422.951512,20.631249999999994
2040,204.0,424.629638,20.868750000000006
2041,204.1,428.775596,20.943750000000005
2042,204.2,430.058869,20.925000000000008
2043,204.3,428.57817,21.3
2044,204.4,427.294897,21.431250000000002
2045,204.5,429.762729,21.46250000000001
2046,204.6,429.861442,21.593749999999996
2047,204.7,439.930199,21.156250000000004
2048,204.8,440.42376500000006,21.224999999999994
2049,204.9,440.226339,21.637500000000003
2050,205.0,441.509612,20.962500000000002
2051,205.1,437.85722,21.05
2052,205.2,436.27780700000005,21.318749999999994
2053,205.3,434.994534,21.625000000000004
2054,205.4,438.548213,22.2125
2055,205.5,440.325052,22.331250000000004
2056,205.6,440.522479,22.581249999999997
2057,205.7,441.016045,22.825000000000003
2058,205.8,438.15336,22.381250000000005
2059,205.9,440.42376500000006,22.75
2060,206.0,439.831486,23.349999999999994
2061,206.1,439.239206,23.550000000000008
2062,206.2,436.870087,23.962499999999995
2063,206.3,435.290674,23.9125
2064,206.4,445.556857,23.243749999999995
2065,206.5,439.634059,23.3875
2066,206.6,440.81861900000007,23.8125
2067,206.7,437.067513,24.625000000000007
2068,206.8,445.45814400000006,24.0625
2069,206.9,443.9774440000001,23.443749999999998
2070,207.0,444.569724,24.25
2071,207.1,441.707038,24.725000000000005
2072,207.2,440.719905,25.037499999999998
2073,207.3,446.54399000000006,24.462500000000006
2074,207.4,445.556857,24.493750000000002
2075,207.5,442.694171,25.48125
2076,207.6,439.33791900000006,25.637500000000006
2077,207.7,441.410898,25.775000000000002
2078,207.8,446.741417,26.0625
2079,207.9,449.406676,24.762499999999996
2080,208.0,445.063291,24.956250000000008
2081,208.1,444.471011,25.49375
2082,208.2,445.063291,25.89375
2083,208.3,442.891598,26.60000000000001
2084,208.4,442.496745,26.481250000000003
2085,208.5,441.707038,26.687500000000004
2086,208.6,443.878731,27.0
2087,208.7,442.595458,26.8
2088,208.8,441.707038,26.918750000000003
2089,208.9,445.556857,27.150000000000002
2090,209.0,451.18351500000006,26.2875
2091,209.1,447.333696,26.043750000000006
2092,209.2,448.616969,25.831250000000008
2093,209.3,450.09766900000005,26.60624999999999
2094,209.4,451.479655,27.025
2095,209.5,451.084802,26.69375
2096,209.6,448.715683,27.112499999999997
2097,209.7,449.702816,26.74375
2098,209.8,450.788662,27.1
2099,209.9,448.913109,27.924999999999997
2100,210.0,442.595458,28.031250000000004
2101,210.1,448.616969,27.86875
2102,210.2,449.406676,27.1625
2103,210.3,451.677082,27.768750000000004
2104,210.4,449.209249,27.799999999999997
2105,210.5,448.715683,28.118750000000006
2106,210.6,444.471011,28.356250000000003
2107,210.7,450.295095,28.475
2108,210.8,453.947487,27.731250000000003
2109,210.9,451.18351500000006,27.6
2110,211.0,449.998956,27.506250000000005
2111,211.1,451.973221,27.96875
2112,211.2,452.170648,28.349999999999994
2113,211.3,453.059068,28.231250000000003
2114,211.4,446.346563,28.737499999999997
2115,211.5,451.578368,29.131250000000005
2116,211.6,449.110536,29.049999999999997
2117,211.7,444.174871,29.200000000000003
2118,211.8,445.35943,29.51250000000001
2119,211.9,446.346563,29.5375
2120,212.0,448.12340300000005,29.25
2121,212.1,448.715683,28.924999999999997
2122,212.2,449.110536,29.356249999999996
2123,212.3,449.307962,29.618750000000006
2124,212.4,450.788662,29.212499999999995
2125,212.5,451.677082,29.718749999999996
2126,212.6,449.505389,29.125000000000007
2127,212.7,447.925976,29.400000000000002
2128,212.8,446.149137,29.968750000000004
2129,212.9,445.95170999999993,29.61875
2130,213.0,442.891598,29.974999999999998
2131,213.1,442.496745,30.337500000000002
2132,213.2,443.681304,29.91875
2133,213.3,444.372297,29.631249999999994
2134,213.4,450.689949,28.825000000000003
2135,213.5,444.865864,29.0
2136,213.6,443.780018,29.518750000000004
2137,213.7,447.0375570000001,29.2875
2138,213.8,442.398031,30.387500000000003
2139,213.9,439.930199,30.20625
2140,214.0,435.685527,30.137499999999992
2141,214.1,438.943066,30.44375000000001
2142,214.2,439.831486,29.987500000000004
2143,214.3,438.745639,30.168750000000003
2144,214.4,438.15336,30.75625000000001
2145,214.5,440.325052,30.1875
2146,214.6,439.436632,30.20625
2147,214.7,436.771373,30.862500000000004
2148,214.8,435.882954,30.81249999999999
2149,214.9,432.427988,30.65625
2150,215.0,430.55243600000006,30.618750000000002
2151,215.1,431.539569,30.89374999999999
2152,215.2,432.625415,30.881249999999994
2153,215.3,432.230562,30.86874999999999
2154,215.4,431.440855,31.15625
2155,215.5,436.9688,30.006250000000005
2156,215.6,434.106114,29.450000000000006
2157,215.7,433.513835,30.33125
2158,215.8,433.217695,30.362499999999997
2159,215.9,427.887176,30.756249999999998
2160,216.0,434.204828,31.19375
2161,216.1,435.882954,29.868750000000006
2162,216.2,429.960156,29.47500000000001
2163,216.3,428.874309,29.9125
2164,216.4,429.466589,30.325000000000003
2165,216.5,425.814197,31.44375
2166,216.6,431.243429,30.53749999999999
2167,216.7,428.97302300000007,29.987499999999997
2168,216.8,424.728351,30.943749999999998
2169,216.9,421.273385,31.056250000000006
2170,217.0,426.110337,30.28125
2171,217.1,425.616771,30.781250000000004
2172,217.2,416.535147,31.237500000000008
2173,217.3,418.4107,31.699999999999992
2174,217.4,427.294897,30.024999999999988
2175,217.5,421.174672,30.268749999999994
2176,217.6,424.827064,31.112499999999994
2177,217.7,416.732574,31.599999999999994
2178,217.8,414.560881,31.218750000000004
2179,217.9,422.359232,30.54375
2180,218.0,418.213273,30.21875000000001
2181,218.1,420.28625199999993,30.906249999999993
2182,218.2,415.054448,31.350000000000005
2183,218.3,411.698195,31.80625
2184,218.4,411.204629,31.431250000000006
2185,218.5,414.560881,31.106250000000003
2186,218.6,419.397833,31.487500000000004
2187,218.7,422.359232,30.24375
2188,218.8,417.620993,30.2
2189,218.9,414.264741,31.13125000000001
2190,219.0,417.127427,31.01875
2191,219.1,417.81842,30.624999999999996
2192,219.2,416.041581,31.331249999999997
2193,219.3,412.191762,31.612500000000004
2194,219.4,408.144517,31.8875
2195,219.5,410.217496,31.337500000000002
2196,219.6,414.758308,30.681250000000002
2197,219.7,412.487902,30.6625
2198,219.8,409.230363,31.287499999999998
2199,219.9,408.440657,32.04999999999999
2200,220.0,405.479258,31.862499999999997
2201,220.1,405.874111,31.531249999999993
2202,220.2,409.723929,31.993749999999995
2203,220.3,408.934223,31.437499999999996
2204,220.4,404.195985,31.537499999999998
2205,220.5,405.183118,32.16875
2206,220.6,410.513636,31.85000000000001
2207,220.7,414.659594,30.45
2208,220.8,410.612349,30.1375
2209,220.9,408.83551,31.143749999999997
2210,221.0,407.157384,31.437500000000004
2211,221.1,400.543593,31.912500000000005
2212,221.2,405.479258,32.23125
2213,221.3,410.118783,30.737500000000008
2214,221.4,405.676684,30.312500000000007
2215,221.5,405.380544,31.581250000000008
2216,221.6,403.011425,31.1125
2217,221.7,397.48348,31.93749999999999
2218,221.8,400.938446,32.46874999999999
2219,221.9,406.268964,31.425000000000004
2220,222.0,407.256097,30.418749999999996
2221,222.1,407.256097,29.04375
2222,222.2,401.728152,28.0875
2223,222.3,399.26032,27.731249999999996
2224,222.4,400.050026,27.606249999999992
2225,222.5,398.3719,26.862499999999997
2226,222.6,397.977047,26.268750000000004
2227,222.7,394.719508,25.762500000000003
2228,222.8,387.217297,25.618750000000006
